{
    "provenance": {
        "creator": "QED-CASCI",
        "version": "1.0",
        "routine": "qed_casci_energy_scan"
    },
    "input_data": {
        "bond_lengths": [
            1.0,
            1.1,
            1.2,
            1.3,
            1.4,
            1.5,
            1.6,
            1.7,
            1.8,
            1.9,
            2.0,
            2.1,
            2.2,
            2.3,
            2.4,
            2.5,
            2.6,
            2.7,
            2.8,
            2.9,
            3.0,
            3.1,
            3.2,
            3.3,
            3.4,
            3.5
        ],
        "units": "angstrom"
    },
    "properties": {
        "energies": {
            "E0": [
                -199.6879965078774,
                -199.7738655805178,
                -199.83113386816308,
                -199.86821883257088,
                -199.8912796644798,
                -199.90463642227962,
                -199.91126771143624,
                -199.9132553244706,
                -199.91209471084542,
                -199.90888444645634,
                -199.90443905947677,
                -199.89935997503903,
                -199.89408397090838,
                -199.8889188244715,
                -199.88407105794985,
                -199.8796683621328,
                -199.8757780634038,
                -199.87242240812668,
                -199.86959120207007,
                -199.86725222105895,
                -199.86535967207448,
                -199.8638608451798,
                -199.8627010332032,
                -199.86182685073388,
                -199.861188223206,
                -199.86073944846504
            ],
            "E1": [
                -199.55218979287883,
                -199.63806880947863,
                -199.69536080796996,
                -199.73248490272007,
                -199.75560425330008,
                -199.76904645218374,
                -199.77580305827087,
                -199.7779777074548,
                -199.77710277499938,
                -199.7743375803044,
                -199.7705820620442,
                -199.76649655434028,
                -199.7624120493931,
                -199.7583317425066,
                -199.75417785523106,
                -199.7499702569904,
                -199.74582058089942,
                -199.74188054368105,
                -199.73830137367597,
                -199.73520010816543,
                -199.7326326135472,
                -199.73058805255582,
                -199.72900916795066,
                -199.72782034159323,
                -199.72694651317428,
                -199.72632104016168
            ],
            "E2": [
                -199.46213710632935,
                -199.55282117856763,
                -199.61711894837026,
                -199.6627726271104,
                -199.6951973483317,
                -199.71811992127385,
                -199.73407523924212,
                -199.74479117277698,
                -199.7514596465794,
                -199.75491227185915,
                -199.75573810224867,
                -199.75440963748065,
                -199.75146696626098,
                -199.74757907940753,
                -199.74334029771367,
                -199.739122570157,
                -199.73510435246078,
                -199.7313401689375,
                -199.72781590753073,
                -199.72449539505428,
                -199.72135904762754,
                -199.71841992169828,
                -199.7157124852851,
                -199.71327182767322,
                -199.711120203467,
                -199.7092632411032
            ]
        },
        "units": "hartree"
    },
    "extras": {
        "cavity_frequency": 0.136,
        "cavity_coupling_vector": [
            0,
            0,
            0.01
        ],
        "maximum_photon_occupation": 10
    },
    "molecule": {
        "symbols": [
            "Mg",
            "H"
        ],
        "geometry": [
            [
                0.0,
                0.0,
                0.0
            ],
            [
                0.0,
                0.0,
                null
            ]
        ],
        "units": "angstrom",
        "charge": "1",
        "multiplicity": "1"
    },
    "keywords": {
        "method": "QED-CASCI",
        "basis": "cc-pVDZ"
    }
}