{
    "provenance": {
        "creator": "QED-CASCI",
        "version": "1.0",
        "routine": "qed_casci_energy_scan"
    },
    "input_data": {
        "bond_lengths": [
            1.0,
            1.1,
            1.2,
            1.3,
            1.4,
            1.5,
            1.6,
            1.7,
            1.8,
            1.9,
            2.0,
            2.1,
            2.2,
            2.3,
            2.4,
            2.5,
            2.6,
            2.7,
            2.8,
            2.9,
            3.0,
            3.1,
            3.2,
            3.3,
            3.4,
            3.5
        ],
        "units": "angstrom"
    },
    "properties": {
        "energies": {
            "E0": [
                -199.68814062072232,
                -199.77400970851062,
                -199.83127981835875,
                -199.86836833019336,
                -199.8914343304948,
                -199.90479764753397,
                -199.91143655724352,
                -199.91343249449693,
                -199.91228056221593,
                -199.90907900968426,
                -199.90464206114032,
                -199.8995708684624,
                -199.89430197888694,
                -199.8891429924968,
                -199.88430031133157,
                -199.87990155990536,
                -199.8760140440868,
                -199.8726600252213,
                -199.8698293487043,
                -199.86748984430432,
                -199.8655957791969,
                -199.86409450646033,
                -199.86293138767485,
                -199.86205312071553,
                -199.86140974002683,
                -199.86095568563033
            ],
            "E1": [
                -199.46258951016844,
                -199.5532777415724,
                -199.61759895566271,
                -199.66329622703995,
                -199.69578773453117,
                -199.71880685521103,
                -199.73490058067338,
                -199.74581793325606,
                -199.75278719783137,
                -199.7567002318816,
                -199.7582310380934,
                -199.75791060423865,
                -199.75617288703177,
                -199.75338206390094,
                -199.74984806211694,
                -199.7458350448223,
                -199.74156589608867,
                -199.73722475790072,
                -199.73295905447392,
                -199.72888191302079,
                -199.72507536075878,
                -199.72159420893254,
                -199.71847022908568,
                -199.71571615450756,
                -199.71332920184446,
                -199.7112941089937
            ],
            "E2": [
                -199.4045407439892,
                -199.49089193075375,
                -199.55215172812672,
                -199.59583032526555,
                -199.6271483132316,
                -199.6496880060695,
                -199.66590426218463,
                -199.6775046147124,
                -199.68570514936633,
                -199.69139258478037,
                -199.6952265306025,
                -199.69770574921853,
                -199.69921208096562,
                -199.7000398236235,
                -199.70041551862167,
                -199.70051151283144,
                -199.70045562834142,
                -199.70033861827028,
                -199.7002206161058,
                -199.7001372872725,
                -199.70010584440834,
                -199.70013065975215,
                -199.70020805245966,
                -199.70032994537186,
                -199.70048634625667,
                -199.7006668581988
            ]
        },
        "units": "hartree"
    },
    "extras": {
        "cavity_frequency": 0,
        "cavity_coupling_vector": [
            0,
            0,
            0.0
        ],
        "maximum_photon_occupation": 0
    },
    "molecule": {
        "symbols": [
            "Mg",
            "H"
        ],
        "geometry": [
            [
                0.0,
                0.0,
                0.0
            ],
            [
                0.0,
                0.0,
                null
            ]
        ],
        "units": "angstrom",
        "charge": "1",
        "multiplicity": "1"
    },
    "keywords": {
        "method": "QED-CASCI",
        "basis": "cc-pVDZ"
    }
}
