{
    "provenance": {
        "creator": "QED-CASCI",
        "version": "1.0",
        "routine": "qed_casci_energy_scan"
    },
    "input_data": {
        "bond_lengths": [
            1.0,
            1.1,
            1.2,
            1.3,
            1.4,
            1.5,
            1.6,
            1.7,
            1.8,
            1.9,
            2.0,
            2.1,
            2.2,
            2.3,
            2.4,
            2.5,
            2.6,
            2.7,
            2.8,
            2.9,
            3.0,
            3.1,
            3.2,
            3.3,
            3.4,
            3.5
        ],
        "units": "angstrom"
    },
    "properties": {
        "energies": {
            "E0": [
                -199.68454669965104,
                -199.7704136832576,
                -199.82763659056351,
                -199.8646350137076,
                -199.88757057435126,
                -199.9007686637649,
                -199.90721549566547,
                -199.90900104384554,
                -199.9076285818772,
                -199.9042039351142,
                -199.89954824228766,
                -199.89426874471715,
                -199.8888070353953,
                -199.88347458406787,
                -199.87848053442318,
                -199.8739543326426,
                -199.8699644512867,
                -199.86653389219643,
                -199.86365298233582,
                -199.86128989749537,
                -199.8593991939242,
                -199.85792844462003,
                -199.8568229942935,
                -199.85602893574048,
                -199.8554946409429,
                -199.85517142670437
            ],
            "E1": [
                -199.55293927254323,
                -199.63899511883517,
                -199.69668186335,
                -199.73442491988493,
                -199.75841122977,
                -199.77300683265588,
                -199.78123328377237,
                -199.7851778239719,
                -199.7862681213115,
                -199.78544722393178,
                -199.78331239792442,
                -199.7802432106903,
                -199.77650516789674,
                -199.77231433673472,
                -199.76786652607194,
                -199.7633441277755,
                -199.75891227454295,
                -199.75471158060236,
                -199.75085153508144,
                -199.74740677306477,
                -199.74441716473174,
                -199.74189151246185,
                -199.73981370335625,
                -199.73814973117825,
                -199.73685423332313,
                -199.7358758749296
            ],
            "E2": [
                -199.45242970736237,
                -199.54304049791702,
                -199.60685105766524,
                -199.65163870250285,
                -199.6828261003246,
                -199.70412872700624,
                -199.71807551731436,
                -199.7264314612797,
                -199.73051181710588,
                -199.7313828898976,
                -199.72995576330814,
                -199.72700353907942,
                -199.72314999003868,
                -199.71886488307453,
                -199.7144758662656,
                -199.71019237845547,
                -199.70613449800067,
                -199.70236128050973,
                -199.69889508923922,
                -199.69574003957015,
                -199.6928939812925,
                -199.69247712387383,
                -199.69259123888924,
                -199.69277781797524,
                -199.69302485934384,
                -199.69331861781444
            ]
        },
        "units": "hartree"
    },
    "extras": {
        "cavity_frequency": 0.136,
        "cavity_coupling_vector": [
            0,
            0,
            0.05
        ],
        "maximum_photon_occupation": 10
    },
    "molecule": {
        "symbols": [
            "Mg",
            "H"
        ],
        "geometry": [
            [
                0.0,
                0.0,
                0.0
            ],
            [
                0.0,
                0.0,
                null
            ]
        ],
        "units": "angstrom",
        "charge": "1",
        "multiplicity": "1"
    },
    "keywords": {
        "method": "QED-CASCI",
        "basis": "cc-pVDZ"
    }
}