{
    "level_of_theory": "qed-casscf",
    "basis_set": "6-31G",
    "molecular_z_matrix": "O\nH 1  0.9",
    "molecular_charge": -1,
    "spin_multiplicity": 1,
    "cavity_frequency": 0.219,
    "coupling_vector": [
        0,
        0,
        0.05
    ],
    "photon_state_type": "photon number",
    "n_photon_states": [
        1,
        5,
        20,
        50
    ],
    "energies": {
        "1": {
            "energy_center": -75.32096114454731,
            "energy_displaced": -74.18282288292384,
            "error": 1.1381382616234674
        },
        "5": {
            "energy_center": -75.32099675811509,
            "energy_displaced": -74.97143164967827,
            "error": 0.34956510843682054
        },
        "20": {
            "energy_center": -75.3209967581157,
            "energy_displaced": -75.32091228384837,
            "error": 8.447426732516305e-05
        },
        "50": {
            "energy_center": -75.32099675811502,
            "energy_displaced": -75.32099675811432,
            "error": 6.963318810448982e-13
        }
    }
}
