{
    "provenance": {
        "creator": "QED-CASSCF",
        "version": "1.0",
        "routine": "qed_casscf_energy_scan"
    },
    "input_data": {
        "bond_lengths": [
            1.0,
            1.1,
            1.2,
            1.3,
            1.4,
            1.5,
            1.6,
            1.7,
            1.8,
            1.9,
            2.0,
            2.1,
            2.2,
            2.3,
            2.4,
            2.5,
            2.6,
            2.7,
            2.8,
            2.9,
            3.0,
            3.1,
            3.2,
            3.3,
            3.4,
            3.5
        ],
        "units": "angstrom"
    },
    "properties": {
        "energies": {
            "E0": [
                -199.71623804941171,
                -199.8012951145916,
                -199.85758361987953,
                -199.8935995365014,
                -199.9155657811402,
                -199.9278472755221,
                -199.93343730153615,
                -199.93440845672862,
                -199.9322364952079,
                -199.92800308273573,
                -199.92251700901073,
                -199.91638711324782,
                -199.91006811202647,
                -199.90389124539095,
                -199.89808661356946,
                -199.89280114728814,
                -199.88811447988257,
                -199.88402053990117,
                -199.8806619975505,
                -199.87782699672056,
                -199.87553933980132,
                -199.87365691887828,
                -199.87214435300322,
                -199.87094794800714,
                -199.87000980561936,
                -199.86925195086522
            ],
            "E1": [
                -199.48751723154746,
                -199.57728096727766,
                -199.6406901588325,
                -199.68546611223658,
                -199.71708629255295,
                -199.73934593453305,
                -199.75481294193233,
                -199.76522324944256,
                -199.77178025189892,
                -199.77535067123705,
                -199.77658397346622,
                -199.77598524035207,
                -199.77396049251826,
                -199.7708455012094,
                -199.76692446454825,
                -199.7624422065279,
                -199.7576115444952,
                -199.7522460634915,
                -199.7473312703766,
                -199.74259068052237,
                -199.73800354404275,
                -199.7337762779648,
                -199.72991500485801,
                -199.72643315575445,
                -199.72335052063107,
                -199.72074931953628
            ],
            "E2": [
                -199.42816872074474,
                -199.51425689559977,
                -199.57497466677736,
                -199.61783232018567,
                -199.6481680816164,
                -199.66968975944175,
                -199.68492459339944,
                -199.69560151354605,
                -199.70293394629115,
                -199.707802115434,
                -199.71086261818414,
                -199.71261446185667,
                -199.71344047934758,
                -199.71363453287506,
                -199.71342038547638,
                -199.712965598134,
                -199.7123924527452,
                -199.71205539942056,
                -199.71147546468106,
                -199.71084041663653,
                -199.71050110239773,
                -199.71012713790566,
                -199.70982892016292,
                -199.70960960812033,
                -199.70946063459172,
                -199.70930531059346
            ]
        },
        "units": "hartree"
    },
    "extras": {
        "cavity_frequency": 0,
        "cavity_coupling_vector": [
            0,
            0,
            0.0
        ],
        "maximum_photon_occupation": 0
    },
    "molecule": {
        "symbols": [
            "Mg",
            "H"
        ],
        "geometry": [
            [
                0.0,
                0.0,
                0.0
            ],
            [
                0.0,
                0.0,
                null
            ]
        ],
        "units": "angstrom",
        "charge": "1",
        "multiplicity": "1"
    },
    "keywords": {
        "method": "QED-CASSCF",
        "basis": "cc-pVDZ"
    }
}