{
    "provenance": {
        "creator": "QED-CASSCF",
        "version": "1.0",
        "routine": "qed_casscf_energy_scan"
    },
    "input_data": {
        "bond_lengths": [
            1.0,
            1.1,
            1.2,
            1.3,
            1.4,
            1.5,
            1.6,
            1.7,
            1.8,
            1.9,
            2.0,
            2.1,
            2.2,
            2.3,
            2.4,
            2.5,
            2.6,
            2.7,
            2.8,
            2.9,
            3.0,
            3.1,
            3.2,
            3.3,
            3.4,
            3.5
        ],
        "units": "angstrom"
    },
    "properties": {
        "energies": {
            "E0": [
                -199.7136148674156,
                -199.79857420079395,
                -199.85475549739508,
                -199.8906678825735,
                -199.9125241341313,
                -199.92467740873238,
                -199.9301172942048,
                -199.93091942909464,
                -199.92856662321591,
                -199.92414938988568,
                -199.91848551353453,
                -199.91219197708662,
                -199.905730225173,
                -199.89943596246172,
                -199.8935411390362,
                -199.88819182705262,
                -199.88346464719805,
                -199.87938205355312,
                -199.87592674290116,
                -199.87305486134113,
                -199.87070725151602,
                -199.8687763034081,
                -199.86730055039465,
                -199.86613557143983,
                -199.8652336890886,
                -199.8645291765713
            ],
            "E1": [
                -199.5816837944218,
                -199.66679433302951,
                -199.7233737574707,
                -199.75994349800092,
                -199.7827479732531,
                -199.79618779224683,
                -199.80330520410587,
                -199.8062071444944,
                -199.8063484519719,
                -199.80470022108125,
                -199.80187092128924,
                -199.7982239208962,
                -199.79398652662215,
                -199.78932847664467,
                -199.78440322833495,
                -199.77936245728296,
                -199.77435553490852,
                -199.76952255870907,
                -199.7649849394615,
                -199.76083653754753,
                -199.75713780601802,
                -199.75350050911766,
                -199.75090789981442,
                -199.74874374421222,
                -199.74696849727798,
                -199.7455450575269
            ],
            "E2": [
                -199.47813728503215,
                -199.56777026022147,
                -199.63067825739898,
                -199.6746324846424,
                -199.70510667026568,
                -199.72585706027206,
                -199.73940090444177,
                -199.7474435660606,
                -199.75121839885475,
                -199.75171696596286,
                -199.74980821433428,
                -199.7462651246477,
                -199.74174339463406,
                -199.73675807530242,
                -199.73167870684236,
                -199.72674268580909,
                -199.72208019031638,
                -199.71774428846143,
                -199.71374106603585,
                -199.71005530774363,
                -199.7066691609253,
                -199.70475655721,
                -199.70445606924602,
                -199.70421237324493,
                -199.70401098196567,
                -199.70384312675586
            ]
        },
        "units": "hartree"
    },
    "extras": {
        "cavity_frequency": 0.136,
        "cavity_coupling_vector": [
            0,
            0,
            0.05
        ],
        "maximum_photon_occupation": 10
    },
    "molecule": {
        "symbols": [
            "Mg",
            "H"
        ],
        "geometry": [
            [
                0.0,
                0.0,
                0.0
            ],
            [
                0.0,
                0.0,
                null
            ]
        ],
        "units": "angstrom",
        "charge": "1",
        "multiplicity": "1"
    },
    "keywords": {
        "method": "QED-CASSCF",
        "basis": "cc-pVDZ"
    }
}