{
    "provenance": {
        "creator": "QED-CASSCF",
        "version": "1.0",
        "routine": "qed_casscf_energy_scan"
    },
    "input_data": {
        "bond_lengths": [
            1.0,
            1.1,
            1.2,
            1.3,
            1.4,
            1.5,
            1.6,
            1.7,
            1.8,
            1.9,
            2.0,
            2.1,
            2.2,
            2.3,
            2.4,
            2.5,
            2.6,
            2.7,
            2.8,
            2.9,
            3.0,
            3.1,
            3.2,
            3.3,
            3.4,
            3.5
        ],
        "units": "angstrom"
    },
    "properties": {
        "energies": {
            "E0": [
                -199.71690776475845,
                -199.8018896752839,
                -199.85815694336762,
                -199.89417900805353,
                -199.91616319707458,
                -199.92845624567425,
                -199.93404560213156,
                -199.93500495330576,
                -199.93281082245852,
                -199.9285447544191,
                -199.92301762833975,
                -199.91684309162957,
                -199.91048077768332,
                -199.90426517138394,
                -199.89842760754516,
                -199.8931147385396,
                -199.88840523595556,
                -199.88432457068464,
                -199.88085799823202,
                -199.87796277293796,
                -199.87557971667465,
                -199.87364359488654,
                -199.87208876048354,
                -199.87085334975973,
                -199.86988396775425,
                -199.86913838726488
            ],
            "E1": [
                -199.58108442706072,
                -199.66607100357484,
                -199.72235816860078,
                -199.75841421263675,
                -199.7804497827098,
                -199.79281851202532,
                -199.79852023663796,
                -199.7996505875269,
                -199.79772593373798,
                -199.7939029518971,
                -199.78913041178282,
                -199.78420191375204,
                -199.77955479584924,
                -199.77507499186916,
                -199.7704987310639,
                -199.76575203797256,
                -199.7609145874685,
                -199.75613701696244,
                -199.7516011659237,
                -199.74749478354963,
                -199.7439723130144,
                -199.74110297791742,
                -199.738852349942,
                -199.73712177258565,
                -199.73580258091283,
                -199.73480551716443
            ],
            "E2": [
                -199.48718442434551,
                -199.57697371494572,
                -199.6403689547643,
                -199.6851115466807,
                -199.7166851318761,
                -199.73888994094594,
                -199.7542783968871,
                -199.76455625589358,
                -199.77087934484086,
                -199.77403189019614,
                -199.7745219603892,
                -199.77267653805907,
                -199.76892832634547,
                -199.7640660443267,
                -199.75887212643443,
                -199.753813292903,
                -199.749100848253,
                -199.74479397662842,
                -199.7408565353462,
                -199.73719466409355,
                -199.73370466099425,
                -199.73033190996296,
                -199.72709828322817,
                -199.72406998008617,
                -199.72130746896084,
                -199.71884165317368
            ]
        },
        "units": "hartree"
    },
    "extras": {
        "cavity_frequency": 0.136,
        "cavity_coupling_vector": [
            0,
            0,
            0.01
        ],
        "maximum_photon_occupation": 10
    },
    "molecule": {
        "symbols": [
            "Mg",
            "H"
        ],
        "geometry": [
            [
                0.0,
                0.0,
                0.0
            ],
            [
                0.0,
                0.0,
                null
            ]
        ],
        "units": "angstrom",
        "charge": "1",
        "multiplicity": "1"
    },
    "keywords": {
        "method": "QED-CASSCF",
        "basis": "cc-pVDZ"
    }
}