{
    "provenance": {
        "creator": "QED-DMRG",
        "version": "1.0",
        "routine": "qed_dmrg_energy_scan"
    },
    "input_data": {
        "bond_lengths": [
            1.0,
            1.1,
            1.2,
            1.3,
            1.4,
            1.5,
            1.6,
            1.7,
            1.8,
            1.9,
            2.0,
            2.1,
            2.2,
            2.3,
            2.4,
            2.5,
            2.6,
            2.7,
            2.8,
            2.9,
            3.0,
            3.1,
            3.2,
            3.3,
            3.4,
            3.5
        ],
        "units": "angstrom"
    },
    "properties": {
        "energies": {
            "E0": [
                -199.72061012,
                -199.80484512,
                -199.86066506,
                -199.89643971,
                -199.91831841,
                -199.9306053,
                -199.93624094,
                -199.93725358,
                -199.93509455,
                -199.93083983,
                -199.92530233,
                -199.91909775,
                -199.91269363,
                -199.90642194,
                -199.90051947,
                -199.89513362,
                -199.89034786,
                -199.88618762,
                -199.88264296,
                -199.87967279,
                -199.87722012,
                -199.87522105,
                -199.87361033,
                -199.87232181,
                -199.87129809,
                -199.8704902
            ],
            "E1": [
                -199.58449321,
                -199.66864418,
                -199.72451866,
                -199.76043755,
                -199.78181736,
                -199.79460499,
                -199.79949485,
                -199.80089956,
                -199.7990943,
                -199.79483949,
                -199.78929864,
                -199.78309762,
                -199.77688223,
                -199.77378751,
                -199.7698716,
                -199.76536994,
                -199.76050266,
                -199.75545213,
                -199.75038261,
                -199.74543099,
                -199.74121981,
                -199.73922077,
                -199.73758947,
                -199.73632151,
                -199.73529536,
                -199.73448999
            ],
            "E2": [
                -199.49093978,
                -199.58007894,
                -199.64313946,
                -199.68775003,
                -199.71933124,
                -199.74164796,
                -199.7572246,
                -199.76775809,
                -199.77443107,
                -199.77810216,
                -199.77940896,
                -199.77885928,
                -199.77669298,
                -199.77042143,
                -199.76451676,
                -199.75913275,
                -199.75434718,
                -199.75018691,
                -199.74664253,
                -199.74367229,
                -199.74071194,
                -199.73631017,
                -199.73228854,
                -199.72867955,
                -199.72549738,
                -199.72273617
            ]
        },
        "units": "hartree"
    },
    "extras": {
        "cavity_frequency": 0.136,
        "cavity_coupling_vector": [
            0,
            0,
            0.05
        ],
        "maximum_photon_occupation": 10
    },
    "molecule": {
        "symbols": [
            "Mg",
            "H"
        ],
        "geometry": [
            [
                0.0,
                0.0,
                0.0
            ],
            [
                0.0,
                0.0,
                null
            ]
        ],
        "units": "angstrom",
        "charge": "1",
        "multiplicity": "1"
    },
    "keywords": {
        "method": "QED-DMRG",
        "basis": "cc-pVDZ"
    }
}
