{
    "provenance": {
        "creator": "QED-DMRG",
        "version": "1.0",
        "routine": "qed_dmrg_energy_scan"
    },
    "input_data": {
        "bond_lengths": [
            1.0,
            1.1,
            1.2,
            1.3,
            1.4,
            1.5,
            1.6,
            1.7,
            1.8,
            1.9,
            2.0,
            2.1,
            2.2,
            2.3,
            2.4,
            2.5,
            2.6,
            2.7,
            2.8,
            2.9,
            3.0,
            3.1,
            3.2,
            3.3,
            3.4,
            3.5
        ],
        "units": "angstrom"
    },
    "properties": {
        "energies": {
            "E0": [
                -199.71716647,
                -199.8013893,
                -199.85716142,
                -199.89286012,
                -199.9146373,
                -199.92680215,
                -199.93229912,
                -199.93316324,
                -199.9308522,
                -199.92644817,
                -199.92077174,
                -199.91444456,
                -199.90793744,
                -199.90158975,
                -199.89563636,
                -199.89022688,
                -199.88543718,
                -199.8812931,
                -199.8777763,
                -199.87484247,
                -199.87243067,
                -199.8704743,
                -199.86890174,
                -199.86764881,
                -199.86665964,
                -199.86587974
            ],
            "E1": [
                -199.58529898,
                -199.66969079,
                -199.72587938,
                -199.76224629,
                -199.78497283,
                -199.79841883,
                -199.80558466,
                -199.80854059,
                -199.80872125,
                -199.80709139,
                -199.80426445,
                -199.80060686,
                -199.79635098,
                -199.79166811,
                -199.78670858,
                -199.78162804,
                -199.77657147,
                -199.77168479,
                -199.76709186,
                -199.76288918,
                -199.75914262,
                -199.75588181,
                -199.75310098,
                -199.75077137,
                -199.74885023,
                -199.7472813
            ],
            "E2": [
                -199.48155291,
                -199.57056484,
                -199.63312646,
                -199.6769037,
                -199.70732201,
                -199.72810167,
                -199.74171832,
                -199.74983736,
                -199.75367112,
                -199.75419592,
                -199.75228683,
                -199.74872219,
                -199.74416888,
                -199.73915153,
                -199.73404219,
                -199.72908654,
                -199.72440939,
                -199.72006686,
                -199.71606028,
                -199.7123687,
                -199.70897137,
                -199.70585493,
                -199.70579626,
                -199.70552174,
                -199.70530332,
                -199.7051269
            ]
        },
        "units": "hartree"
    },
    "extras": {
        "cavity_frequency": 0.136,
        "cavity_coupling_vector": [
            0,
            0,
            0.05
        ],
        "maximum_photon_occupation": 10
    },
    "molecule": {
        "symbols": [
            "Mg",
            "H"
        ],
        "geometry": [
            [
                0.0,
                0.0,
                0.0
            ],
            [
                0.0,
                0.0,
                null
            ]
        ],
        "units": "angstrom",
        "charge": "1",
        "multiplicity": "1"
    },
    "keywords": {
        "method": "QED-DMRG",
        "basis": "cc-pVDZ"
    }
}