{
    "provenance": {
        "creator": "QED-DMRG",
        "version": "1.0",
        "routine": "qed_dmrg_energy_scan"
    },
    "input_data": {
        "bond_lengths": [
            1.0,
            1.1,
            1.2,
            1.3,
            1.4,
            1.5,
            1.6,
            1.7,
            1.8,
            1.9,
            2.0,
            2.1,
            2.2,
            2.3,
            2.4,
            2.5,
            2.6,
            2.7,
            2.8,
            2.9,
            3.0,
            3.1,
            3.2,
            3.3,
            3.4,
            3.5
        ],
        "units": "angstrom"
    },
    "properties": {
        "energies": {
            "E0": [
                -199.72047174,
                -199.80470611,
                -199.86052385,
                -199.89629579,
                -199.91817007,
                -199.93045232,
                -199.93608202,
                -199.93708902,
                -199.93492406,
                -199.93066263,
                -199.92511957,
                -199.9189114,
                -199.91250132,
                -199.90622621,
                -199.90032069,
                -199.89493404,
                -199.89014838,
                -199.88599046,
                -199.88244531,
                -199.87947762,
                -199.87702554,
                -199.8750284,
                -199.87342087,
                -199.87213395,
                -199.87111163,
                -199.87030564
            ],
            "E1": [
                -199.58465212,
                -199.66889523,
                -199.72473379,
                -199.76053992,
                -199.78246534,
                -199.79482261,
                -199.80056349,
                -199.80173964,
                -199.79984299,
                -199.79602828,
                -199.79126127,
                -199.78636535,
                -199.78178957,
                -199.77737671,
                -199.77283414,
                -199.7680817,
                -199.76320394,
                -199.75834897,
                -199.7536974,
                -199.74944517,
                -199.7457574,
                -199.74273234,
                -199.74035589,
                -199.73852557,
                -199.73712522,
                -199.73605413
            ],
            "E2": [
                -199.49051623,
                -199.57964629,
                -199.64268708,
                -199.68725764,
                -199.71878047,
                -199.7410132,
                -199.75646837,
                -199.76682826,
                -199.77322171,
                -199.77642504,
                -199.7769443,
                -199.77507888,
                -199.77124855,
                -199.76628154,
                -199.76099299,
                -199.75585342,
                -199.75107666,
                -199.74672297,
                -199.74275764,
                -199.73909171,
                -199.73560633,
                -199.73223148,
                -199.72897882,
                -199.72591222,
                -199.72310671,
                -199.72061089
            ]
        },
        "units": "hartree"
    },
    "extras": {
        "cavity_frequency": 0.136,
        "cavity_coupling_vector": [
            0,
            0,
            0.05
        ],
        "maximum_photon_occupation": 10
    },
    "molecule": {
        "symbols": [
            "Mg",
            "H"
        ],
        "geometry": [
            [
                0.0,
                0.0,
                0.0
            ],
            [
                0.0,
                0.0,
                null
            ]
        ],
        "units": "angstrom",
        "charge": "1",
        "multiplicity": "1"
    },
    "keywords": {
        "method": "QED-DMRG",
        "basis": "cc-pVDZ"
    }
}