theta,phi,meta_energy,para_energy,ortho_energy,ortho_minus_meta_kcalmol,para_minus_meta_kcalmol
0.0000000000,0.0000000000,-3007.8221886998,-3007.8138669126,-3007.8192663184,1.8338219990,5.2220002953
0.0000000000,15.6521740000,-3007.8221886998,-3007.8138669126,-3007.8192663184,1.8338220024,5.2220002961
0.0000000000,31.3043480000,-3007.8221886998,-3007.8138669126,-3007.8192663184,1.8338219993,5.2220002964
0.0000000000,46.9565220000,-3007.8221886998,-3007.8138669126,-3007.8192663184,1.8338220010,5.2220002973
0.0000000000,62.6086960000,-3007.8221886998,-3007.8138669126,-3007.8192663184,1.8338220013,5.2220002970
0.0000000000,78.2608700000,-3007.8221886998,-3007.8138669126,-3007.8192663184,1.8338220019,5.2220002961
0.0000000000,93.9130430000,-3007.8221886998,-3007.8138669126,-3007.8192663184,1.8338220007,5.2220002964
0.0000000000,109.5652170000,-3007.8221886998,-3007.8138669126,-3007.8192663184,1.8338220013,5.2220002961
0.0000000000,125.2173910000,-3007.8221886998,-3007.8138669126,-3007.8192663184,1.8338219990,5.2220002967
0.0000000000,140.8695650000,-3007.8221886998,-3007.8138669126,-3007.8192663184,1.8338220021,5.2220002956
0.0000000000,156.5217390000,-3007.8221886998,-3007.8138669126,-3007.8192663184,1.8338220016,5.2220002970
0.0000000000,172.1739130000,-3007.8221886998,-3007.8138669126,-3007.8192663184,1.8338220010,5.2220002978
0.0000000000,187.8260870000,-3007.8221886998,-3007.8138669126,-3007.8192663184,1.8338220016,5.2220002964
0.0000000000,203.4782610000,-3007.8221886998,-3007.8138669126,-3007.8192663184,1.8338220019,5.2220002984
0.0000000000,219.1304350000,-3007.8221886998,-3007.8138669126,-3007.8192663184,1.8338220013,5.2220002970
0.0000000000,234.7826090000,-3007.8221886998,-3007.8138669126,-3007.8192663184,1.8338219993,5.2220002950
0.0000000000,250.4347830000,-3007.8221886998,-3007.8138669126,-3007.8192663184,1.8338219999,5.2220002961
0.0000000000,266.0869570000,-3007.8221886998,-3007.8138669126,-3007.8192663184,1.8338220021,5.2220002978
0.0000000000,281.7391300000,-3007.8221886998,-3007.8138669126,-3007.8192663184,1.8338220013,5.2220002967
0.0000000000,297.3913040000,-3007.8221886998,-3007.8138669126,-3007.8192663184,1.8338220024,5.2220002970
0.0000000000,313.0434780000,-3007.8221886998,-3007.8138669126,-3007.8192663184,1.8338220001,5.2220002970
0.0000000000,328.6956520000,-3007.8221886998,-3007.8138669126,-3007.8192663184,1.8338220004,5.2220002981
0.0000000000,344.3478260000,-3007.8221886998,-3007.8138669126,-3007.8192663184,1.8338220007,5.2220002953
0.0000000000,360.0000000000,-3007.8221886998,-3007.8138669126,-3007.8192663184,1.8338220001,5.2220002950
7.8260870000,0.0000000000,-3007.8150919928,-3007.8009732788,-3007.8186495423,-2.2323960313,8.8596267411
7.8260870000,15.6521740000,-3007.8130966226,-3007.8013770837,-3007.8166083295,-2.2036293491,7.3541216878
7.8260870000,31.3043480000,-3007.8117897944,-3007.8026668831,-3007.8147160020,-1.8362229852,5.7247132755
7.8260870000,46.9565220000,-3007.8113150025,-3007.8047542378,-3007.8131202963,-1.1328389974,4.1169419680
7.8260870000,62.6086960000,-3007.8117286639,-3007.8074916784,-3007.8119514451,-0.1397973143,2.6587485747
7.8260870000,78.2608700000,-3007.8129893281,-3007.8106820319,-3007.8113078186,1.0551631591,1.4478502694
7.8260870000,93.9130430000,-3007.8149621706,-3007.8140916125,-3007.8112435313,2.3334813589,0.5462834155
7.8260870000,109.5652170000,-3007.8174390892,-3007.8174664769,-3007.8117616362,3.5626555400,-0.0171860477
7.8260870000,125.2173910000,-3007.8201711908,-3007.8205508911,-3007.8128138893,4.6167764451,-0.2382654782
7.8260870000,140.8695650000,-3007.8229069219,-3007.8231069621,-3007.8143093730,5.3950433931,-0.1255271581
7.8260870000,156.5217390000,-3007.8254272828,-3007.8249349965,-3007.8161260562,5.8366078406,0.3089143409
7.8260870000,172.1739130000,-3007.8275671914,-3007.8258916207,-3007.8181242871,5.9255119110,1.0514365185
7.8260870000,187.8260870000,-3007.8292240640,-3007.8259037012,-3007.8201582882,5.6888601746,2.0835590835
7.8260870000,203.4782610000,-3007.8303466201,-3007.8249750673,-3007.8220847945,5.1843738340,3.3707002486
7.8260870000,219.1304350000,-3007.8309162618,-3007.8231847286,-3007.8237697613,4.4844967267,4.8516103418
7.8260870000,234.7826090000,-3007.8309280108,-3007.8206772356,-3007.8250948791,3.6603453955,6.4324585156
7.8260870000,250.4347830000,-3007.8303797329,-3007.8176475415,-3007.8259649673,2.7703072428,7.9895707100
7.8260870000,266.0869570000,-3007.8292738238,-3007.8143237547,-3007.8263157527,1.8562176418,9.3813100287
7.8260870000,281.7391300000,-3007.8276300662,-3007.8109494087,-3007.8261202036,0.9474530849,10.4672706113
7.8260870000,297.3913040000,-3007.8255037725,-3007.8077673076,-3007.8253914555,0.0704799879,11.1297997870
7.8260870000,313.0434780000,-3007.8230012368,-3007.8050043125,-3007.8241814356,-0.7405859559,11.2932405002
7.8260870000,328.6956520000,-3007.8202855027,-3007.8028572036,-3007.8225756959,-1.4371179291,10.9364228022
7.8260870000,344.3478260000,-3007.8175684046,-3007.8014799679,-3007.8206874724,-1.9572445745,10.0956464313
7.8260870000,360.0000000000,-3007.8150919928,-3007.8009732788,-3007.8186495423,-2.2323960316,8.8596267411
15.6521740000,0.0000000000,-3007.8077169652,-3007.7882606021,-3007.8173883583,-6.0688908209,12.2090521417
15.6521740000,15.6521740000,-3007.8033347398,-3007.7889923793,-3007.8134672552,-6.3582494459,8.9999670853
15.6521740000,31.3043480000,-3007.8003984219,-3007.7914213351,-3007.8097679769,-5.8794845713,5.6332069856
15.6521740000,46.9565220000,-3007.7992976975,-3007.7953895770,-3007.8065924181,-4.5775062934,2.4523826669
15.6521740000,62.6086960000,-3007.8002013949,-3007.8006240511,-3007.8042357377,-2.5315883069,-0.2652207493
15.6521740000,78.2608700000,-3007.8030176687,-3007.8067539707,-3007.8029371746,0.0505108038,-2.3445649481
15.6521740000,93.9130430000,-3007.8073946145,-3007.8133365317,-3007.8028308906,2.8637799569,-3.7286093567
15.6521740000,109.5652170000,-3007.8127734380,-3007.8198862768,-3007.8039166014,5.5577489110,-4.4633737304
15.6521740000,125.2173910000,-3007.8184888250,-3007.8259049951,-3007.8060632846,7.7971443461,-4.6537170047
15.6521740000,140.8695650000,-3007.8239027315,-3007.8309149910,-3007.8090423528,9.3250284048,-4.4002593021
15.6521740000,156.5217390000,-3007.8285286687,-3007.8345012684,-3007.8125779982,10.0091968957,-3.7478629061
15.6521740000,172.1739130000,-3007.8321086066,-3007.8363590996,-3007.8163926365,9.8619201097,-2.6672246128
15.6521740000,187.8260870000,-3007.8346109118,-3007.8363367193,-3007.8202292025,9.0246588315,-1.0829605272
15.6521740000,203.4782610000,-3007.8361547256,-3007.8344558774,-3007.8238508857,7.7207761038,1.0660433398
15.6521740000,219.1304350000,-3007.8368968796,-3007.8309033970,-3007.8270312862,6.1907533117,3.7609671138
15.6521740000,234.7826090000,-3007.8369308646,-3007.8259969059,-3007.8295533979,4.6294302462,6.8611626494
15.6521740000,250.4347830000,-3007.8362359188,-3007.8201371612,-3007.8312243653,3.1447973264,10.1021228993
15.6521740000,266.0869570000,-3007.8346924492,-3007.8137648487,-3007.8319043043,1.7495873333,13.1322676047
15.6521740000,281.7391300000,-3007.8321530677,-3007.8073303379,-3007.8315330465,0.3890691957,15.5764981072
15.6521740000,297.3913040000,-3007.8285401992,-3007.8012748906,-3007.8301419589,-1.0051193955,17.1092394794
15.6521740000,313.0434780000,-3007.8239317878,-3007.7960132359,-3007.8278448413,-2.4554781224,17.5191557990
15.6521740000,328.6956520000,-3007.8186023843,-3007.7919114150,-3007.8248136771,-3.8976450553,16.7488361331
15.6521740000,344.3478260000,-3007.8130067794,-3007.7892617840,-3007.8212530921,-5.1746393271,14.9002095843
15.6521740000,360.0000000000,-3007.8077169652,-3007.7882606021,-3007.8173883583,-6.0688908255,12.2090521397
23.4782610000,0.0000000000,-3007.8006863250,-3007.7766768684,-3007.8156705240,-9.4027267839,15.0661615134
23.4782610000,15.6521740000,-3007.7937380306,-3007.7776493083,-3007.8102236168,-10.3448615391,10.0958256420
23.4782610000,31.3043480000,-3007.7889993805,-3007.7810147091,-3007.8049610879,-10.0161226112,5.0104569729
23.4782610000,46.9565220000,-3007.7871701503,-3007.7865600659,-3007.8003256867,-8.2552237631,0.3828337075
23.4782610000,62.6086960000,-3007.7885833899,-3007.7939026938,-3007.7968156444,-5.1658176985,-3.3379136179
23.4782610000,78.2608700000,-3007.7931149195,-3007.8025208708,-3007.7948706662,-1.1017476657,-5.9023235401
23.4782610000,93.9130430000,-3007.8001547822,-3007.8117974761,-3007.7947439821,3.3953283201,-7.3059007677
23.4782610000,109.5652170000,-3007.8086837640,-3007.8210620564,-3007.7964292762,7.6898071760,-7.7674957564
23.4782610000,125.2173910000,-3007.8174658925,-3007.8296204109,-3007.7996666453,11.1691962377,-7.6270754259
23.4782610000,140.8695650000,-3007.8253292144,-3007.8367805585,-3007.8040232216,13.3697123318,-7.1858269308
23.4782610000,156.5217390000,-3007.8314637085,-3007.8419120486,-3007.8090316212,14.0763473145,-6.5564323514
23.4782610000,172.1739130000,-3007.8356036423,-3007.8445397895,-3007.8143006042,13.3678582090,-5.6075170836
23.4782610000,187.8260870000,-3007.8379950444,-3007.8444332004,-3007.8195350771,11.5838043992,-4.0400039012
23.4782610000,203.4782610000,-3007.8391735557,-3007.8416473055,-3007.8244835446,9.2181211156,-1.5523014706
23.4782610000,219.1304350000,-3007.8396698298,-3007.8365016989,-3007.8288788767,6.7714253060,1.9880321886
23.4782610000,234.7826090000,-3007.8397658931,-3007.8295061203,-3007.8324147316,4.6129234325,6.4381045998
23.4782610000,250.4347830000,-3007.8393898941,-3007.8212599874,-3007.8347826347,2.8910989241,11.3766882081
23.4782610000,266.0869570000,-3007.8381640459,-3007.8123716392,-3007.8357451746,1.5178646784,16.1849795803
23.4782610000,281.7391300000,-3007.8355774130,-3007.8034283007,-3007.8352032038,0.2348198736,20.1738726063
23.4782610000,297.3913040000,-3007.8312259259,-3007.7950032823,-3007.8332216279,-1.2523219095,22.7300519952
23.4782610000,313.0434780000,-3007.8250301167,-3007.7876531264,-3007.8300031933,-3.1206526849,23.4544155614
23.4782610000,328.6956520000,-3007.8173419946,-3007.7818894360,-3007.8258227684,-5.3217659151,22.2468164044
23.4782610000,344.3478260000,-3007.8089013468,-3007.7781342634,-3007.8209596954,-7.5667280126,19.3066362979
23.4782610000,360.0000000000,-3007.8006863251,-3007.7766768684,-3007.8156705240,-9.4027267830,15.0661615128
31.3043480000,0.0000000000,-3007.7946093831,-3007.7670950262,-3007.8137108065,-11.9863241051,17.2655196476
31.3043480000,15.6521740000,-3007.7851119698,-3007.7682148456,-3007.8072490245,-13.8912115311,10.6031055719
31.3043480000,31.3043480000,-3007.7785495185,-3007.7722800225,-3007.8008189847,-13.9743010290,3.9341680789
31.3043480000,46.9565220000,-3007.7759537992,-3007.7790274569,-3007.7949589068,-11.9258851155,-1.9287493448
31.3043480000,62.6086960000,-3007.7778532291,-3007.7879714930,-3007.7903937711,-7.8693088974,-6.3493064155
31.3043480000,78.2608700000,-3007.7841314949,-3007.7984640883,-3007.7878328177,-2.3226151331,-8.9938381324
31.3043480000,93.9130430000,-3007.7939173059,-3007.8097559148,-3007.7876983317,3.9024652416,-9.9388771548
31.3043480000,109.5652170000,-3007.8056579938,-3007.8210515415,-3007.7899824357,9.8365612196,-9.6595970538
31.3043480000,125.2173910000,-3007.8174105540,-3007.8315296826,-3007.7942508963,14.5329045932,-8.8598869539
31.3043480000,140.8695650000,-3007.8273173031,-3007.8403312864,-3007.7997818557,17.2787540876,-8.1663978246
31.3043480000,156.5217390000,-3007.8341938356,-3007.8466302593,-3007.8058735383,17.7712548321,-7.8039737294
31.3043480000,172.1739130000,-3007.8378924442,-3007.8498025636,-3007.8120884206,16.1922692708,-7.4737127807
31.3043480000,187.8260870000,-3007.8391698189,-3007.8495642014,-3007.8182013765,13.1578962971,-6.5225735167
31.3043480000,203.4782610000,-3007.8392110236,-3007.8460176814,-3007.8240294714,9.5265677942,-4.2712422625
31.3043480000,219.1304350000,-3007.8390777512,-3007.8396132354,-3007.8292991284,6.1361784259,-0.3360214236
31.3043480000,234.7826090000,-3007.8392922623,-3007.8310404623,-3007.8336062402,3.5680327462,5.1780827231
31.3043480000,250.4347830000,-3007.8396960459,-3007.8210703771,-3007.8365081871,2.0004116193,11.6877836235
31.3043480000,266.0869570000,-3007.8395497536,-3007.8104134700,-3007.8376685997,1.1804418695,18.2832939541
31.3043480000,281.7391300000,-3007.8378110491,-3007.7997038600,-3007.8369582699,0.5351270200,23.9126222048
31.3043480000,297.3913040000,-3007.8335556386,-3007.7895695337,-3007.8344887771,-0.5855532510,27.6016975301
31.3043480000,313.0434780000,-3007.8264030055,-3007.7806572389,-3007.8305665282,-2.6126499451,28.7059019787
31.3043480000,328.6956520000,-3007.8167461559,-3007.7735997926,-3007.8255833411,-5.5454174261,27.0747517244
31.3043480000,344.3478260000,-3007.8056635851,-3007.7689500170,-3007.8198870992,-8.9253898255,23.0381118567
31.3043480000,360.0000000000,-3007.7946093831,-3007.7670950262,-3007.8137108065,-11.9863241049,17.2655196447
39.1304350000,0.0000000000,-3007.7899924587,-3007.7602165738,-3007.8116939068,-13.6178642791,18.6846498857
39.1304350000,15.6521740000,-3007.7781269890,-3007.7613887787,-3007.8048226892,-16.7518048410,10.5033854984
39.1304350000,31.3043480000,-3007.7698644093,-3007.7658975565,-3007.7977480387,-17.4972416130,2.4892377195
39.1304350000,46.9565220000,-3007.7665411024,-3007.7734244006,-3007.7910167725,-15.3587148698,-4.3193348051
39.1304350000,62.6086960000,-3007.7688749888,-3007.7833736826,-3007.7855670221,-10.4744090091,-9.0980677281
39.1304350000,78.2608700000,-3007.7768167759,-3007.7950091422,-3007.7824496098,-3.5346566752,-11.4158822145
39.1304350000,93.9130430000,-3007.7892586155,-3007.8074977833,-3007.7823048891,4.3635292051,-11.4452505929
39.1304350000,109.5652170000,-3007.8040719516,-3007.8199777158,-3007.7851333702,11.8841392716,-9.9810176812
39.1304350000,125.2173910000,-3007.8185066791,-3007.8315790122,-3007.7903076388,17.6951649181,-8.2030129023
39.1304350000,140.8695650000,-3007.8298763093,-3007.8413311012,-3007.7967142623,20.8094986930,-7.1879904211
39.1304350000,156.5217390000,-3007.8365985399,-3007.8482566903,-3007.8033745509,20.8483678308,-7.3155997994
39.1304350000,172.1739130000,-3007.8388304394,-3007.8516530995,-3007.8099383461,18.1300622426,-8.0463407054
39.1304350000,187.8260870000,-3007.8380728984,-3007.8512451669,-3007.8163772737,13.6142100758,-8.2657232858
39.1304350000,203.4782610000,-3007.8363280037,-3007.8471922396,-3007.8226234470,8.5997391596,-6.8174109569
39.1304350000,219.1304350000,-3007.8352682308,-3007.8400301519,-3007.8283973396,4.3115493115,-2.9881505725
39.1304350000,234.7826090000,-3007.8356518406,-3007.8305676005,-3007.8331669781,1.5592747812,3.1904088766
39.1304350000,250.4347830000,-3007.8372118693,-3007.8196989242,-3007.8363606555,0.5341447152,10.9895389333
39.1304350000,266.0869570000,-3007.8388194848,-3007.8081677582,-3007.8375909794,0.7708987922,19.2342488370
39.1304350000,281.7391300000,-3007.8387979432,-3007.7965608871,-3007.8367323835,1.2961582798,26.5041528639
39.1304350000,297.3913040000,-3007.8355248291,-3007.7854882493,-3007.8339393015,0.9949335962,31.3984278629
39.1304350000,313.0434780000,-3007.8281436648,-3007.7756288887,-3007.8295937051,-0.9099140348,32.9535195199
39.1304350000,328.6956520000,-3007.8170235700,-3007.7676983593,-3007.8241925131,-4.4985797007,30.9520370392
39.1304350000,344.3478260000,-3007.8036398368,-3007.7623948189,-3007.8181646804,-9.1144769661,25.8816395350
39.1304350000,360.0000000000,-3007.7899924587,-3007.7602165738,-3007.8116939068,-13.6178642782,18.6846498843
46.9565220000,0.0000000000,-3007.7871875545,-3007.7565192772,-3007.8097545217,-14.1609857343,19.2446345357
46.9565220000,15.6521740000,-3007.7732552623,-3007.7576448980,-3007.8030907353,-18.7220419540,9.7956515071
46.9565220000,31.3043480000,-3007.7635319685,-3007.7623221012,-3007.7959690648,-20.3545852416,0.7592031866
46.9565220000,46.9565220000,-3007.7595985584,-3007.7701696213,-3007.7888244809,-18.3395432800,-6.6334421526
46.9565220000,62.6086960000,-3007.7623067796,-3007.7804719113,-3007.7827446063,-12.8249299317,-11.3987922586
46.9565220000,78.2608700000,-3007.7717399650,-3007.7924587264,-3007.7791745130,-4.6652493614,-13.0012190848
46.9565220000,93.9130430000,-3007.7865845619,-3007.8052594375,-3007.7790017045,4.7583148424,-11.7186614176
46.9565220000,109.5652170000,-3007.8041163818,-3007.8179898286,-3007.7822436310,13.7253583653,-8.7057193455
46.9565220000,125.2173910000,-3007.8207360581,-3007.8298082314,-3007.7881004584,20.4791479618,-5.6928747303
46.9565220000,140.8695650000,-3007.8328295583,-3007.8396940303,-3007.7949891755,23.7451986903,-4.3075212090
46.9565220000,156.5217390000,-3007.8384514724,-3007.8465874969,-3007.8016307520,23.1053508835,-5.1054324603
46.9565220000,172.1739130000,-3007.8383024418,-3007.8498249195,-3007.8079576656,19.0416345734,-7.2304638878
46.9565220000,187.8260870000,-3007.8348031842,-3007.8492273096,-3007.8142223589,12.9146628928,-9.0512753340
46.9565220000,203.4782610000,-3007.8308279981,-3007.8450112036,-3007.8204579389,6.5073103891,-8.9000957919
46.9565220000,219.1304350000,-3007.8286559683,-3007.8377180014,-3007.8263521858,1.4456453403,-5.6865116338
46.9565220000,234.7826090000,-3007.8292293134,-3007.8281685662,-3007.8312100643,-1.2429400030,0.6656288708
46.9565220000,250.4347830000,-3007.8321773157,-3007.8173150609,-3007.8343750547,-1.3791020521,9.3262056598
46.9565220000,266.0869570000,-3007.8360431436,-3007.8058676170,-3007.8355161549,0.3306904363,18.9354288506
46.9565220000,281.7391300000,-3007.8384973627,-3007.7942805110,-3007.8345644136,2.4679628270,27.7464933508
46.9565220000,297.3913040000,-3007.8370834002,-3007.7830914644,-3007.8316888807,3.3851120674,33.8804512040
46.9565220000,313.0434780000,-3007.8302699352,-3007.7729556925,-3007.8272659522,1.8850277724,35.9652302574
46.9565220000,328.6956520000,-3007.8182894354,-3007.7646151355,-3007.8218419698,-2.2292490021,33.6811316848
46.9565220000,344.3478260000,-3007.8030592878,-3007.7589285532,-3007.8159544557,-8.0918400810,27.6924540106
46.9565220000,360.0000000000,-3007.7871875545,-3007.7565192772,-3007.8097545217,-14.1609857348,19.2446345329
54.7826090000,0.0000000000,-3007.7863811496,-3007.7562438327,-3007.8079891113,-13.5592007261,18.9114518516
54.7826090000,15.6521740000,-3007.7707629795,-3007.7572164983,-3007.8020778478,-19.6503765207,8.5005453039
54.7826090000,31.3043480000,-3007.7598842553,-3007.7617577455,-3007.7955031876,-22.3512174256,-1.1756328629
54.7826090000,46.9565220000,-3007.7555180117,-3007.7694360082,-3007.7884746382,-20.6805953973,-8.7336746811
54.7826090000,62.6086960000,-3007.7585589139,-3007.7794231409,-3007.7821107628,-14.7790083666,-13.0925001006
54.7826090000,78.2608700000,-3007.7692557940,-3007.7909729389,-3007.7782548807,-5.6470121973,-13.6277142156
54.7826090000,93.9130430000,-3007.7861015335,-3007.8032060197,-3007.7780325386,5.0633707351,-10.7332271497
54.7826090000,109.5652170000,-3007.8057776474,-3007.8152466421,-3007.7814676004,15.2547848378,-5.9418838807
54.7826090000,125.2173910000,-3007.8238630549,-3007.8263481711,-3007.7876429527,22.7284573008,-1.5594339161
54.7826090000,140.8695650000,-3007.8358206546,-3007.8355096296,-3007.7945250411,25.9133886980,0.1951711259
54.7826090000,156.5217390000,-3007.8394672853,-3007.8416864864,-3007.8005924185,24.3943472423,-1.3925697041
54.7826090000,172.1739130000,-3007.8362758669,-3007.8443933884,-3007.8062207780,18.8598530295,-5.0938216797
54.7826090000,187.8260870000,-3007.8296353115,-3007.8436082170,-3007.8119196347,11.1167549989,-8.7681306239
54.7826090000,203.4782610000,-3007.8232229663,-3007.8395958336,-3007.8177638644,3.4256381722,-10.2741293544
54.7826090000,219.1304350000,-3007.8198549548,-3007.8328348888,-3007.8233827590,-2.2137305608,-8.1450315630
54.7826090000,234.7826090000,-3007.8205902797,-3007.8240315264,-3007.8279028625,-4.5887149591,-2.1594149144
54.7826090000,250.4347830000,-3007.8249910212,-3007.8141091467,-3007.8306704273,-3.5638811814,6.8284793316
54.7826090000,266.0869570000,-3007.8314007401,-3007.8036811588,-3007.8315581801,-0.0987950855,17.3942998860
54.7826090000,281.7391300000,-3007.8368951402,-3007.7930025842,-3007.8306070570,3.9458317604,27.5429947415
54.7826090000,297.3913040000,-3007.8381229180,-3007.7825038367,-3007.8279526141,6.3819620368,34.9015004678
54.7826090000,313.0434780000,-3007.8326905385,-3007.7727781741,-3007.8238472500,5.5492472894,37.5955762737
54.7826090000,328.6956520000,-3007.8205306424,-3007.7645284211,-3007.8187876761,1.0937278296,35.1419243797
54.7826090000,344.3478260000,-3007.8040093023,-3007.7587706840,-3007.8134460251,-5.9216329958,28.3876615774
54.7826090000,360.0000000000,-3007.7863811496,-3007.7562438327,-3007.8079891114,-13.5592007264,18.9114518525
62.6086960000,0.0000000000,-3007.7875963283,-3007.7593992182,-3007.8064771262,-11.8478795691,17.6939536855
62.6086960000,15.6521740000,-3007.7707327397,-3007.7601095015,-3007.8017342579,-19.4537463579,6.6661825949
62.6086960000,31.3043480000,-3007.7590303049,-3007.7641839944,-3007.7962211108,-23.3375830703,-3.2339889630
62.6086960000,46.9565220000,-3007.7544358909,-3007.7711796747,-3007.7898536654,-22.2249890825,-10.5068829433
62.6086960000,62.6086960000,-3007.7578007224,-3007.7802050395,-3007.7836368044,-16.2123861871,-14.0589212371
62.6086960000,78.2608700000,-3007.7694976736,-3007.7905801330,-3007.7797272625,-6.4191639937,-13.2294430150
62.6086960000,93.9130430000,-3007.7878118811,-3007.8014305060,-3007.7794408873,5.2528778834,-8.5458161634
62.6086960000,109.5652170000,-3007.8088608665,-3007.8119113443,-3007.7827873401,16.3613848406,-1.9142036909
62.6086960000,125.2173910000,-3007.8274946535,-3007.8214247546,-3007.7887819633,24.2925798705,3.8089190969
62.6086960000,140.8695650000,-3007.8384053343,-3007.8290660200,-3007.7951051846,27.1712541702,5.8605082351
62.6086960000,156.5217390000,-3007.8393987067,-3007.8339277594,-3007.8001793720,24.6105040780,3.4330712829
62.6086960000,172.1739130000,-3007.8328439371,-3007.8358105499,-3007.8048188509,17.5860070866,-1.8615776118
62.6086960000,187.8260870000,-3007.8229955565,-3007.8348610820,-3007.8096729798,8.3600431212,-7.4457296951
62.6086960000,203.4782610000,-3007.8141659449,-3007.8313759760,-3007.8147885464,-0.3906883174,-10.7994575329
62.6086960000,219.1304350000,-3007.8095973940,-3007.8257414831,-3007.8197261084,-6.3558642340,-10.1305688391
62.6086960000,234.7826090000,-3007.8104146621,-3007.8184470629,-3007.8234604527,-8.1863571615,-5.0404075966
62.6086960000,250.4347830000,-3007.8161797414,-3007.8102851923,-3007.8254622168,-5.8248412010,3.6988854073
62.6086960000,266.0869570000,-3007.8251863464,-3007.8017107797,-3007.8259553993,-0.4825879743,14.7311404848
62.6086960000,281.7391300000,-3007.8340278194,-3007.7927382949,-3007.8251251286,5.5865228102,25.9095678047
62.6086960000,297.3913040000,-3007.8384936668,-3007.7836703661,-3007.8230192933,9.7103159683,34.4021405666
62.6086960000,313.0434780000,-3007.8352049997,-3007.7750170300,-3007.8196432669,9.7651348017,37.7685212403
62.6086960000,328.6956520000,-3007.8235996507,-3007.7673910366,-3007.8153157510,5.1982255077,35.2714378542
62.6086960000,344.3478260000,-3007.8064304993,-3007.7619130050,-3007.8108449111,-2.7700852378,27.9351494677
62.6086960000,360.0000000000,-3007.7875963283,-3007.7593992182,-3007.8064771262,-11.8478795714,17.6939536849
70.4347830000,0.0000000000,-3007.7906991471,-3007.7657659954,-3007.8052867429,-9.1538545558,15.6457889455
70.4347830000,15.6521740000,-3007.7730882133,-3007.7661151044,-3007.8019789054,-18.1291830233,4.3756919314
70.4347830000,31.3043480000,-3007.7609126271,-3007.7693934567,-3007.7979140043,-23.2187147469,-5.3218009100
70.4347830000,46.9565220000,-3007.7562945794,-3007.7751978280,-3007.7927078126,-22.8496488107,-11.8619675851
70.4347830000,62.6086960000,-3007.7599913889,-3007.7826605166,-3007.7871112198,-17.0179507934,-14.2250924018
70.4347830000,78.2608700000,-3007.7723804855,-3007.7911996720,-3007.7834209698,-6.9280084939,-11.8092178568
70.4347830000,93.9130430000,-3007.7915177750,-3007.7999600596,-3007.7830691481,5.3015934004,-5.2976135737
70.4347830000,109.5652170000,-3007.8130285358,-3007.8081507808,-3007.7860401661,16.9354577152,3.0608375069
70.4347830000,125.2173910000,-3007.8311810677,-3007.8153541011,-3007.7913210458,25.0125413395,9.9315714894
70.4347830000,140.8695650000,-3007.8401882218,-3007.8208382520,-3007.7965589795,27.3777628655,12.1422893771
70.4347830000,156.5217390000,-3007.8381224867,-3007.8239522571,-3007.8003689696,23.6906896555,8.8919533188
70.4347830000,172.1739130000,-3007.8282271332,-3007.8248319265,-3007.8038575922,15.2921178261,2.1305243539
70.4347830000,187.8260870000,-3007.8154002898,-3007.8237565772,-3007.8076674928,4.8524034109,-5.2436494873
70.4347830000,203.4782610000,-3007.8043655322,-3007.8210373296,-3007.8117569545,-4.6381875397,-10.4617107798
70.4347830000,219.1304350000,-3007.7986558393,-3007.8169766918,-3007.8156170731,-10.6433349218,-11.4965085418
70.4347830000,234.7826090000,-3007.7994373235,-3007.8117938807,-3007.8181402908,-11.7362891297,-7.7538566717
70.4347830000,250.4347830000,-3007.8063577966,-3007.8060526114,-3007.8190605097,-7.9710728418,0.1915066086
70.4347830000,266.0869570000,-3007.8177947562,-3007.7999986817,-3007.8190613385,-0.7947924016,11.1672053776
70.4347830000,281.7391300000,-3007.8300017615,-3007.7933947006,-3007.8184764551,7.2322389883,22.9712775508
70.4347830000,297.3913040000,-3007.8380413336,-3007.7864032851,-3007.8172233551,13.0634786871,32.4033646554
70.4347830000,313.0434780000,-3007.8375319626,-3007.7794345601,-3007.8149657588,14.1605067122,36.4566705121
70.4347830000,328.6956520000,-3007.8272253382,-3007.7729680820,-3007.8117060486,9.7385012422,34.0469423138
70.4347830000,344.3478260000,-3007.8101184657,-3007.7681323188,-3007.8083509700,1.1091203341,26.3467049902
70.4347830000,360.0000000000,-3007.7906991471,-3007.7657659954,-3007.8052867429,-9.1538545510,15.6457889481
78.2608700000,0.0000000000,-3007.7954119289,-3007.7749034857,-3007.8044730116,-5.6859152715,12.8692423886
78.2608700000,15.6521740000,-3007.7776107742,-3007.7748166504,-3007.8027282644,-15.7614630238,1.7533391525
78.2608700000,31.3043480000,-3007.7653414542,-3007.7770113589,-3007.8003525000,-21.9697629402,-7.3229757563
78.2608700000,46.9565220000,-3007.7608920996,-3007.7811640355,-3007.7967043673,-22.4725373136,-12.7208318465
78.2608700000,62.6086960000,-3007.7649043257,-3007.7865307125,-3007.7921756693,-17.1130264778,-13.5707626045
78.2608700000,78.2608700000,-3007.7776164054,-3007.7926689721,-3007.7889791924,-7.1302564549,-9.4456282209
78.2608700000,93.9130430000,-3007.7968486650,-3007.7987756562,-3007.7885738988,5.1924942104,-1.2092052239
78.2608700000,109.5652170000,-3007.8178460417,-3007.8041371645,-3007.7909290169,16.8906880957,8.6024502849
78.2608700000,125.2173910000,-3007.8344966879,-3007.8085257060,-3007.7950556526,24.7496232709,16.2970371737
78.2608700000,140.8695650000,-3007.8409067534,-3007.8114413097,-3007.7988049975,26.4192506978,18.4898451165
78.2608700000,156.5217390000,-3007.8356679683,-3007.8125715377,-3007.8011803721,21.6412933187,14.4932290266
78.2608700000,172.1739130000,-3007.8227430111,-3007.8123789146,-3007.8034163835,12.1276419059,6.5035687849
78.2608700000,187.8260870000,-3007.8073906907,-3007.8112238936,-3007.8060277292,0.8552712595,-2.4053711519
78.2608700000,203.4782610000,-3007.7945105227,-3007.8094168377,-3007.8088362410,-8.9895239437,-9.3538539011
78.2608700000,219.1304350000,-3007.7877806326,-3007.8071984869,-3007.8112676104,-14.7383010861,-12.1848875419
78.2608700000,234.7826090000,-3007.7883998634,-3007.8045117992,-3007.8122328466,-14.9554227772,-10.1103923865
78.2608700000,250.4347830000,-3007.7961863479,-3007.8016244425,-3007.8118559941,-9.8328514602,-3.4124558634
78.2608700000,266.0869570000,-3007.8096987266,-3007.7985451167,-3007.8113211593,-1.0180918892,6.9989958867
78.2608700000,281.7391300000,-3007.8250057400,-3007.7948035201,-3007.8110871502,8.7340469595,18.9521791269
78.2608700000,297.3913040000,-3007.8366494735,-3007.7904179967,-3007.8109242322,16.1428326650,29.0106897360
78.2608700000,313.0434780000,-3007.8393503034,-3007.7856710844,-3007.8101085069,18.3495043744,33.6842185037
78.2608700000,328.6956520000,-3007.8310397156,-3007.7808572785,-3007.8082024489,14.3306012118,31.4899547240
78.2608700000,344.3478260000,-3007.8147391394,-3007.7769970975,-3007.8061336300,5.4000386455,23.6834888704
78.2608700000,360.0000000000,-3007.7954119289,-3007.7749034857,-3007.8044730116,-5.6859152721,12.8692423855
86.0869570000,0.0000000000,-3007.8013471094,-3007.7861781654,-3007.8040787166,-1.7141093878,9.5186561131
86.0869570000,15.6521740000,-3007.7839600666,-3007.7856114334,-3007.8039131845,-12.5207704986,-1.0362482709
86.0869570000,31.3043480000,-3007.7720040738,-3007.7865045960,-3007.8033218469,-19.6521992766,-9.0992150062
86.0869570000,46.9565220000,-3007.7678949514,-3007.7886375480,-3007.8014789254,-21.0742618537,-13.0161758952
86.0869570000,62.6086960000,-3007.7721477895,-3007.7914786605,-3007.7983696342,-16.4544559807,-12.1303047118
86.0869570000,78.2608700000,-3007.7847523392,-3007.7947817061,-3007.7959050839,-6.9984529643,-6.2935227539
86.0869570000,93.9130430000,-3007.8033115563,-3007.7978453975,-3007.7954701946,4.9205287119,3.4300664147
86.0869570000,109.5652170000,-3007.8228385278,-3007.8000608248,-3007.7970432416,16.1867864882,14.2932244133
86.0869570000,125.2173910000,-3007.8370936813,-3007.8013820642,-3007.7997321444,23.4447184216,22.4093780720
86.0869570000,140.8695650000,-3007.8404601329,-3007.8015665214,-3007.8017649886,24.2815696389,24.4061097219
86.0869570000,156.5217390000,-3007.8322098429,-3007.8006651255,-3007.8026121607,18.5728259659,19.7946090339
86.0869570000,172.1739130000,-3007.8167763304,-3007.7994212764,-3007.8035219927,8.3172224509,10.8904607661
86.0869570000,187.8260870000,-3007.7994954591,-3007.7982343331,-3007.8048081465,-3.3337616480,0.7913685089
86.0869570000,203.4782610000,-3007.7852303531,-3007.7974030256,-3007.8061311218,-13.1154303658,-7.6384673179
86.0869570000,219.1304350000,-3007.7776627475,-3007.7971198362,-3007.8068673642,-18.3261736708,-12.2095074959
86.0869570000,234.7826090000,-3007.7780164008,-3007.7970766006,-3007.8060602450,-17.5977779652,-11.9604559832
86.0869570000,250.4347830000,-3007.7863388669,-3007.7972246183,-3007.8043068400,-11.2750733579,-6.8309121050
86.0869570000,266.0869570000,-3007.8014288803,-3007.7973397978,-3007.8032496749,-1.1425658821,2.5659379855
86.0869570000,281.7391300000,-3007.8193209962,-3007.7967601611,-3007.8034346468,9.9688347766,14.1571377881
86.0869570000,297.3913040000,-3007.8342836487,-3007.7953596479,-3007.8044992810,18.6899729001,24.4251792755
86.0869570000,313.0434780000,-3007.8403598709,-3007.7932573342,-3007.8053437947,21.9729195771,29.5572880608
86.0869570000,328.6956520000,-3007.8346247497,-3007.7904995584,-3007.8050022522,18.5883978603,27.6889756126
86.0869570000,344.3478260000,-3007.8198680958,-3007.7878904097,-3007.8043213848,9.7557084358,20.0663009434
86.0869570000,360.0000000000,-3007.8013471094,-3007.7861781654,-3007.8040787166,-1.7141093878,9.5186561114
93.9130430000,0.0000000000,-3007.8080524317,-3007.7988077964,-3007.8041394310,2.4554450237,5.8010962165
93.9130430000,15.6521740000,-3007.7917068572,-3007.7977492858,-3007.8054876827,-8.6475985713,-3.7916811636
93.9130430000,31.3043480000,-3007.7804760654,-3007.7972073752,-3007.8066416325,-16.4191412285,-10.4990553627
93.9130430000,46.9565220000,-3007.7768432858,-3007.7970824926,-3007.8066749028,-18.7196222711,-12.7002939882
93.9130430000,62.6086960000,-3007.7811965525,-3007.7971225383,-3007.8051876803,-15.0546600059,-9.9937070321
93.9130430000,78.2608700000,-3007.7932252351,-3007.7973297297,-3007.8036260008,-6.5265790286,-2.5756092216
93.9130430000,93.9130430000,-3007.8103589325,-3007.7971630302,-3007.8031954332,4.4951636734,8.2805537273
93.9130430000,109.5652170000,-3007.8275583315,-3007.7961480852,-3007.8039064009,14.8418105779,19.7102271324
93.9130430000,125.2173910000,-3007.8387437143,-3007.7944024720,-3007.8050415575,21.1484227182,27.8245496593
93.9130430000,140.8695650000,-3007.8389132580,-3007.7919289816,-3007.8053065121,21.0885514910,29.4830786093
93.9130430000,156.5217390000,-3007.8280473303,-3007.7891107685,-3007.8046197598,14.7010223946,24.4330613811
93.9130430000,172.1739130000,-3007.8107604410,-3007.7869054865,-3007.8041561305,4.1442673795,14.9692099405
93.9130430000,187.8260870000,-3007.7922212094,-3007.7857311732,-3007.8040167686,-7.4018251479,4.0725591674
93.9130430000,203.4782610000,-3007.7770883421,-3007.7858679020,-3007.8037125982,-16.7069729376,-5.5092570158
93.9130430000,219.1304350000,-3007.7689202932,-3007.7874585963,-3007.8026086671,-21.1397737775,-11.6329607934
93.9130430000,234.7826090000,-3007.7689517158,-3007.7899825455,-3007.7999881825,-19.4756769184,-13.1970448953
93.9130430000,250.4347830000,-3007.7774787553,-3007.7931031607,-3007.7969286752,-12.2050090274,-9.8044624386
93.9130430000,266.0869570000,-3007.7935571487,-3007.7963984486,-3007.7954136081,-1.1649458467,-1.7829425651
93.9130430000,281.7391300000,-3007.8133262023,-3007.7990666815,-3007.7960383721,10.8482772542,8.9479844081
93.9130430000,297.3913040000,-3007.8310327358,-3007.8008390450,-3007.7983475965,20.5102345833,18.9468270761
93.9130430000,313.0434780000,-3007.8403452292,-3007.8016371695,-3007.8009310767,24.7327541052,24.2896741477
93.9130430000,328.6956520000,-3007.8375766748,-3007.8012074546,-3007.8022615260,22.1605904167,22.8220302052
93.9130430000,344.3478260000,-3007.8250455321,-3007.8000488481,-3007.8030063578,13.8297907098,15.6856560477
93.9130430000,360.0000000000,-3007.8080524317,-3007.7988077964,-3007.8041394310,2.4554450243,5.8010962151
101.7391300000,0.0000000000,-3007.8150528634,-3007.8119069808,-3007.8046839487,6.5065922131,1.9740711116
101.7391300000,15.6521740000,-3007.8003623641,-3007.8103774011,-3007.8074243222,-4.4314456156,-6.2845305463
101.7391300000,31.3043480000,-3007.7902434476,-3007.8083630937,-3007.8101697419,-12.5039384523,-11.3702495998
101.7391300000,46.9565220000,-3007.7871731294,-3007.8059060750,-3007.8119736630,-15.5625698219,-11.7551008670
101.7391300000,62.6086960000,-3007.7914333795,-3007.8030731854,-3007.8121349202,-12.9904129420,-7.3040885204
101.7391300000,78.2608700000,-3007.8024174724,-3007.8001392221,-3007.8115560465,-5.7345418162,1.4296236128
101.7391300000,93.9130430000,-3007.8174516541,-3007.7967736403,-3007.8111704451,3.9415181515,12.9756495843
101.7391300000,109.5652170000,-3007.8316448922,-3007.7926684773,-3007.8110304369,12.9357659714,24.4580696427
101.7391300000,125.2173910000,-3007.8393693506,-3007.7880822283,-3007.8106543134,18.0189578697,32.1831551253
101.7391300000,140.8695650000,-3007.8364818969,-3007.7832242417,-3007.8092573511,17.0836604066,33.4196832501
101.7391300000,156.5217390000,-3007.8235755486,-3007.7787352980,-3007.8071177041,10.3274533719,28.1376820722
101.7391300000,172.1739130000,-3007.8051585963,-3007.7757125737,-3007.8052730653,-0.0718303437,18.4776581733
101.7391300000,187.8260870000,-3007.7860502700,-3007.7745904888,-3007.8036474643,-11.0424061678,7.1911212819
101.7391300000,203.4782610000,-3007.7705832913,-3007.7756252072,-3007.8016567775,-19.4989069456,-3.1638499891
101.7391300000,219.1304350000,-3007.7620891971,-3007.7788967275,-3007.7987162010,-22.9837919708,-10.5468845790
101.7391300000,234.7826090000,-3007.7617998320,-3007.7837235170,-3007.7944302028,-20.4758667691,-13.7573199867
101.7391300000,250.4347830000,-3007.7702320215,-3007.7895421193,-3007.7902749104,-12.5771026508,-12.1172692754
101.7391300000,266.0869570000,-3007.7866724124,-3007.7957865646,-3007.7884067121,-1.0882895202,-5.7192168534
101.7391300000,281.7391300000,-3007.8074855545,-3007.8015667728,-3007.7894418937,11.3225681152,3.7140915837
101.7391300000,297.3913040000,-3007.8271261854,-3007.8064728427,-3007.7928845122,21.4869743388,12.9601682184
101.7391300000,313.0434780000,-3007.8392287182,-3007.8102090076,-3007.7971148914,26.4268252643,18.2101433082
101.7391300000,328.6956520000,-3007.8395731662,-3007.8122089879,-3007.8000994837,24.7701097872,17.1712811615
101.7391300000,344.3478260000,-3007.8298321610,-3007.8126098670,-3007.8022511644,17.3073366695,10.8071526838
101.7391300000,360.0000000000,-3007.8150528634,-3007.8119069808,-3007.8046839487,6.5065922131,1.9740711114
109.5652170000,0.0000000000,-3007.8218740535,-3007.8245232499,-3007.8057201295,10.1367403914,-1.6623958559
109.5652170000,15.6521740000,-3007.8093908893,-3007.8225781882,-3007.8096898303,-0.1875882595,-8.2751549657
109.5652170000,31.3043480000,-3007.8007154366,-3007.8191653659,-3007.8137825690,-8.1997493893,-11.5775054064
109.5652170000,46.9565220000,-3007.7982403445,-3007.8144967620,-3007.8170996613,-11.8343999141,-10.2010559472
109.5652170000,62.6086960000,-3007.8021848416,-3007.8089584496,-3007.8187612422,-10.4018484558,-4.2505032204
109.5652170000,78.2608700000,-3007.8116993800,-3007.8030795617,-3007.8191404546,-4.6693447942,5.4090176636
109.5652170000,93.9130430000,-3007.8241012113,-3007.7967704378,-3007.8188413173,3.3006333388,17.1503193128
109.5652170000,109.5652170000,-3007.8348544305,-3007.7899181885,-3007.8179494878,10.6080116653,28.1979175564
109.5652170000,125.2173910000,-3007.8390410405,-3007.7828974220,-3007.8162429227,14.3060349000,35.2306524869
109.5652170000,140.8695650000,-3007.8334940960,-3007.7760800327,-3007.8134159222,12.5992442862,36.0278686662
109.5652170000,156.5217390000,-3007.8192382153,-3007.7702719141,-3007.8099849568,5.8065074132,30.7268179188
109.5652170000,172.1739130000,-3007.8004310440,-3007.7666219463,-3007.8068078376,-4.0014983867,21.2155291375
109.5652170000,187.8260870000,-3007.7814228157,-3007.7655848220,-3007.8037001910,-13.9792640576,9.9384910830
109.5652170000,203.4782610000,-3007.7661382143,-3007.7673896954,-3007.8000695719,-21.2922484135,-0.7853162675
109.5652170000,219.1304350000,-3007.7576052239,-3007.7720393762,-3007.7954564090,-23.7519772522,-9.0575673660
109.5652170000,234.7826090000,-3007.7570534573,-3007.7787601434,-3007.7898258768,-20.5650037253,-13.6211511777
109.5652170000,250.4347830000,-3007.7651488608,-3007.7868391685,-3007.7848950210,-12.3909026536,-13.6108736303
109.5652170000,266.0869570000,-3007.7813384767,-3007.7956143635,-3007.7828057824,-0.9207482423,-8.9582542217
109.5652170000,281.7391300000,-3007.8023097906,-3007.8041539970,-3007.7841746931,11.3799454777,-1.1572569965
109.5652170000,297.3913040000,-3007.8229174688,-3007.8119092305,-3007.7885108410,21.5904849190,6.9077738053
109.5652170000,313.0434780000,-3007.8370923104,-3007.8183699762,-3007.7941083249,26.9728581329,11.7484420916
109.5652170000,328.6956520000,-3007.8404197103,-3007.8226961984,-3007.7985940581,26.2459929869,11.1216716411
109.5652170000,344.3478260000,-3007.8338505822,-3007.8246508442,-3007.8020845052,19.9335142920,5.7729227616
109.5652170000,360.0000000000,-3007.8218740535,-3007.8245232499,-3007.8057201294,10.1367403971,-1.6623958542
117.3913040000,0.0000000000,-3007.8280528465,-3007.8356759393,-3007.8072092136,13.0795770986,-4.7835629430
117.3913040000,15.6521740000,-3007.8182084857,-3007.8334107072,-3007.8122079521,3.7653917174,-9.5395380085
117.3913040000,31.3043480000,-3007.8112270820,-3007.8288037843,-3007.8173384982,-3.8349715648,-11.0295471959
117.3913040000,46.9565220000,-3007.8093371993,-3007.8222556394,-3007.8218022919,-7.8219637238,-8.1064435336
117.3913040000,62.6086960000,-3007.8127459661,-3007.8144291667,-3007.8246707695,-7.4829271320,-1.0562243549
117.3913040000,78.2608700000,-3007.8204549839,-3007.8060475818,-3007.8258801406,-3.4043372186,9.0407812787
117.3913040000,93.9130430000,-3007.8298895822,-3007.7972670671,-3007.8257014923,2.6280661003,20.4709373160
117.3913040000,109.5652170000,-3007.8370605587,-3007.7881825119,-3007.8242311909,8.0505498164,30.6714373847
117.3913040000,125.2173910000,-3007.8379418003,-3007.7792637890,-3007.8214856652,10.3263806796,36.8210079905
117.3913040000,140.8695650000,-3007.8303286429,-3007.7710137330,-3007.8175504120,8.0184609224,37.2206678912
117.3913040000,156.5217390000,-3007.8154654058,-3007.7643130756,-3007.8130574927,1.5109882815,32.0985718065
117.3913040000,172.1739130000,-3007.7969867816,-3007.7602647466,-3007.8086722063,-7.3327147236,23.0434248468
117.3913040000,187.8260870000,-3007.7787023394,-3007.7593380047,-3007.8041840958,-15.9900435728,12.1513034719
117.3913040000,203.4782610000,-3007.7640747631,-3007.7617329906,-3007.7990892443,-21.9719187004,1.4694843957
117.3913040000,219.1304350000,-3007.7557849266,-3007.7673751206,-3007.7931222277,-23.4295101458,-7.2729565194
117.3913040000,234.7826090000,-3007.7550730789,-3007.7754833448,-3007.7865963618,-19.7811586643,-12.8076352058
117.3913040000,250.4347830000,-3007.7626519981,-3007.7852709354,-3007.7812737614,-11.6853329459,-14.1935974714
117.3913040000,266.0869570000,-3007.7780327943,-3007.7960077925,-3007.7791082183,-0.6748387428,-11.2794816684
117.3913040000,281.7391300000,-3007.7982930354,-3007.8067543349,-3007.7806938644,11.0436465708,-5.3095456172
117.3913040000,297.3913040000,-3007.8188345626,-3007.8168340344,-3007.7855691975,20.8743317680,1.2553504240
117.3913040000,313.0434780000,-3007.8341723679,-3007.8255495837,-3007.7920689862,26.4202709289,5.4108787719
117.3913040000,328.6956520000,-3007.8400750554,-3007.8318723644,-3007.7977737474,26.5444715512,5.1472663264
117.3913040000,344.3478260000,-3007.8368114729,-3007.8352346824,-3007.8024903276,21.5368438513,0.9894510243
117.3913040000,360.0000000000,-3007.8280528465,-3007.8356759393,-3007.8072092136,13.0795771003,-4.7835629421
125.2173910000,0.0000000000,-3007.8331510412,-3007.8444271832,-3007.8090492464,15.1241045978,-7.0758859510
125.2173910000,15.6521740000,-3007.8261898353,-3007.8419790202,-3007.8148322982,7.1269621326,-9.9078631227
125.2173910000,31.3043480000,-3007.8210484066,-3007.8365220243,-3007.8206498416,0.2501032673,-9.7098417245
125.2173910000,46.9565220000,-3007.8197103417,-3007.8286313031,-3007.8258358168,-3.8437937057,-5.5979878041
125.2173910000,62.6086960000,-3007.8224040231,-3007.8191585947,-3007.8295217114,-4.4664168273,2.0365370767
125.2173910000,78.2608700000,-3007.8281029445,-3007.8089408923,-3007.8313480260,-2.0363193532,12.0243692880
125.2173910000,93.9130430000,-3007.8344771023,-3007.7983542113,-3007.8313069321,1.9893118087,22.6674562952
125.2173910000,109.5652170000,-3007.8382319278,-3007.7876936142,-3007.8294798806,5.4919925384,31.7132705584
125.2173910000,125.2173910000,-3007.8363100488,-3007.7775077050,-3007.8260588934,6.4326971499,36.8990278184
125.2173910000,140.8695650000,-3007.8273460745,-3007.7684090933,-3007.8213917942,3.7363672759,36.9835140603
125.2173910000,156.5217390000,-3007.8126131918,-3007.7612768518,-3007.8161232675,-2.2026057550,32.2140396838
125.2173910000,172.1739130000,-3007.7951329678,-3007.7570808340,-3007.8107495136,-9.7995304329,23.8780744440
125.2173910000,187.8260870000,-3007.7781360267,-3007.7562824747,-3007.8051112583,-16.9272134308,13.7133108867
125.2173910000,203.4782610000,-3007.7645913476,-3007.7590515911,-3007.7988733308,-21.5122692604,3.4762496884
125.2173910000,219.1304350000,-3007.7568213190,-3007.7652560974,-3007.7920046041,-22.0778447547,-5.2929033628
125.2173910000,234.7826090000,-3007.7560702511,-3007.7741886164,-3007.7850946266,-18.2130705764,-11.3694459002
125.2173910000,250.4347830000,-3007.7629937231,-3007.7850526963,-3007.7797694201,-10.5269087721,-13.8422146319
125.2173910000,266.0869570000,-3007.7770845595,-3007.7970642205,-3007.7776669082,-0.3654293390,-12.5374265609
125.2173910000,281.7391300000,-3007.7958430455,-3007.8092959618,-3007.7793250495,10.3651989574,-8.4418324390
125.2173910000,297.3913040000,-3007.8153216277,-3007.8209684925,-3007.7843172321,19.4555519949,-3.5434611650
125.2173910000,313.0434780000,-3007.8308341926,-3007.8312452226,-3007.7911403717,24.9082486846,-0.2579251915
125.2173910000,328.6956520000,-3007.8386630366,-3007.8390167426,-3007.7976638713,25.7273646062,-0.2219539144
125.2173910000,344.3478260000,-3007.8385345308,-3007.8434822267,-3007.8034163712,22.0369778379,-3.1047260522
125.2173910000,360.0000000000,-3007.8331510412,-3007.8444271832,-3007.8090492464,15.1241045993,-7.0758859493
133.0434780000,0.0000000000,-3007.8367900505,-3007.8500005668,-3007.8110898202,16.1271379778,-8.2897241502
133.0434780000,15.6521740000,-3007.8327069442,-3007.8475443807,-3007.8173527147,9.6349244780,-9.3106319970
133.0434780000,31.3043480000,-3007.8294230461,-3007.8417039911,-3007.8234853132,3.7259836191,-7.7064093319
133.0434780000,46.9565220000,-3007.8285959823,-3007.8331646496,-3007.8289587119,-0.2276162831,-2.8668820276
133.0434780000,62.6086960000,-3007.8304727876,-3007.8228513116,-3007.8330322391,-1.6060800407,4.7825483905
133.0434780000,78.2608700000,-3007.8341265056,-3007.8116354153,-3007.8352082929,-0.6788317650,14.1133722343
133.0434780000,93.9130430000,-3007.8376094031,-3007.8000624029,-3007.8352969195,1.4511053957,23.5610983898
133.0434780000,109.5652170000,-3007.8384035570,-3007.7885963517,-3007.8333477594,3.1725608970,31.2544932110
133.0434780000,125.2173910000,-3007.8343838897,-3007.7778494226,-3007.8296403101,2.9766410955,35.4759136798
133.0434780000,140.8695650000,-3007.8248353554,-3007.7685075653,-3007.8246405367,0.1222505840,35.3462219423
133.0434780000,156.5217390000,-3007.8109215076,-3007.7613908865,-3007.8189349190,-5.0284915993,31.0809339472
133.0434780000,172.1739130000,-3007.7950382536,-3007.7572920309,-3007.8129015922,-11.2094141539,23.6861124016
133.0434780000,187.8260870000,-3007.7798257605,-3007.7566327962,-3007.8064881340,-16.7308919849,14.5538048205
133.0434780000,203.4782610000,-3007.7677487589,-3007.7595518052,-3007.7995724813,-19.9696872675,5.1436661121
133.0434780000,219.1304350000,-3007.7607746339,-3007.7658911058,-3007.7923487663,-19.8130672188,-3.2106345812
133.0434780000,234.7826090000,-3007.7600922917,-3007.7750611759,-3007.7855585355,-15.9803092668,-9.3931166353
133.0434780000,250.4347830000,-3007.7662268110,-3007.7863063042,-3007.7805690499,-8.9998907471,-12.6000722058
133.0434780000,266.0869570000,-3007.7786288786,-3007.7988149373,-3007.7786435980,-0.0092365573,-12.6669430568
133.0434780000,281.7391300000,-3007.7952258140,-3007.8116845596,-3007.7802253264,9.4129481259,-10.3280187907
133.0434780000,297.3913040000,-3007.8127818019,-3007.8240710839,-3007.7849308083,17.4767623428,-7.0841314422
133.0434780000,313.0434780000,-3007.8275312906,-3007.8350638083,-3007.7915243049,22.5947246730,-4.7267261652
133.0434780000,328.6956520000,-3007.8364630568,-3007.8435684016,-3007.7983668939,23.9057031616,-4.4586711797
133.0434780000,344.3478260000,-3007.8389706138,-3007.8486842852,-3007.8048139548,21.4336271237,-6.0954208385
133.0434780000,360.0000000000,-3007.8367900505,-3007.8500005668,-3007.8110898202,16.1271379781,-8.2897241505
140.8695650000,0.0000000000,-3007.8387017876,-3007.8519244091,-3007.8131744573,16.0186416017,-8.2973202627
140.8695650000,15.6521740000,-3007.8372027868,-3007.8496488160,-3007.8195353242,11.0865001331,-7.8100012534
140.8695650000,31.3043480000,-3007.8356400253,-3007.8439542902,-3007.8255982910,6.3012834228,-5.2172800115
140.8695650000,46.9565220000,-3007.8352737612,-3007.8355294429,-3007.8309458502,2.7158051620,-0.1604426519
140.8695650000,62.6086960000,-3007.8363376499,-3007.8252572222,-3007.8349907223,0.8452098239,6.9530733813
140.8695650000,78.2608700000,-3007.8381073594,-3007.8139779416,-3007.8372356472,0.5470076990,15.1414382642
140.8695650000,93.9130430000,-3007.8391237107,-3007.8023377213,-3007.8374195161,1.0693982502,23.0835568838
140.8695650000,109.5652170000,-3007.8376469197,-3007.7909161652,-3007.8355579705,1.3108354325,29.3239911823
140.8695650000,125.2173910000,-3007.8323553315,-3007.7803630033,-3007.8319305664,0.2665441573,32.6256785543
140.8695650000,140.8695650000,-3007.8229788944,-3007.7713767110,-3007.8269938701,-2.5194352606,32.3808589767
140.8695650000,156.5217390000,-3007.8104947709,-3007.7646802626,-3007.8212390634,-6.7421453807,28.7490379857
140.8695650000,172.1739130000,-3007.7967190128,-3007.7608952793,-3007.8149820768,-11.4602457215,22.4797321281
140.8695650000,187.8260870000,-3007.7837147500,-3007.7603787544,-3007.8083027455,-15.4292000686,14.6435583540
140.8695650000,203.4782610000,-3007.7734479912,-3007.7632380077,-3007.8012861576,-17.4687131695,6.4068613691
140.8695650000,219.1304350000,-3007.7675255704,-3007.7693163307,-3007.7942892380,-16.7944549896,-1.1237190358
140.8695650000,234.7826090000,-3007.7669822984,-3007.7781398182,-3007.7880623298,-13.2279194469,-7.0014493606
140.8695650000,250.4347830000,-3007.7721872596,-3007.7890306262,-3007.7836623355,-7.2007188025,-10.5693721323
140.8695650000,266.0869570000,-3007.7825880382,-3007.8012011031,-3007.7819904239,0.3750086309,-11.6798745863
140.8695650000,281.7391300000,-3007.7965321666,-3007.8137918906,-3007.7833721531,8.2580331227,-10.8306403170
140.8695650000,297.3913040000,-3007.8115170851,-3007.8259459547,-3007.7874900232,15.0772089879,-9.0542524160
140.8695650000,313.0434780000,-3007.8247117979,-3007.8367504142,-3007.7934311423,19.6289077233,-7.5543457805
140.8695650000,328.6956520000,-3007.8338490344,-3007.8452005650,-3007.8000483060,21.2102773209,-7.1231929813
140.8695650000,344.3478260000,-3007.8382038662,-3007.8504239210,-3007.8066720514,19.7865125363,-7.6682001516
140.8695650000,360.0000000000,-3007.8387017876,-3007.8519244091,-3007.8131744573,16.0186416023,-8.2973202632
148.6956520000,0.0000000000,-3007.8387631317,-3007.8501122881,-3007.8151682296,14.8060246406,-7.1217031592
148.6956520000,15.6521740000,-3007.8392696588,-3007.8481835205,-3007.8211648264,11.3609538167,-5.5935326852
148.6956520000,31.3043480000,-3007.8391178170,-3007.8431336297,-3007.8267567832,7.7566657740,-2.5199605475
148.6956520000,46.9565220000,-3007.8391357517,-3007.8355495444,-3007.8316015936,4.7277555946,2.2503790265
148.6956520000,62.6086960000,-3007.8395054981,-3007.8261833650,-3007.8352578463,2.6654417294,8.3597647525
148.6956520000,78.2608700000,-3007.8397541521,-3007.8157870852,-3007.8373197639,1.5276016388,15.0395615534
148.6956520000,93.9130430000,-3007.8389454781,-3007.8050265910,-3007.8375458002,0.8783111100,21.2844230057
148.6956520000,109.5652170000,-3007.8360386183,-3007.7945246171,-3007.8359277690,0.0695589972,26.0504290528
148.6956520000,125.2173910000,-3007.8303355939,-3007.7849201838,-3007.8326851582,-1.4743738345,28.4986001104
148.6956520000,140.8695650000,-3007.8218330757,-3007.7768590930,-3007.8281833350,-3.9848478659,28.2216002291
148.6956520000,156.5217390000,-3007.8112970022,-3007.7709449652,-3007.8228071202,-7.2227080694,25.3212855016
148.6956520000,172.1739130000,-3007.8000363003,-3007.7676570996,-3007.8168477331,-10.5493333539,20.3182551909
148.6956520000,187.8260870000,-3007.7895740101,-3007.7672798097,-3007.8105003800,-13.1314953939,13.9898219487
148.6956520000,203.4782610000,-3007.7813891363,-3007.7698899589,-3007.8040018568,-14.1896963373,7.2158427758
148.6956520000,219.1304350000,-3007.7767094503,-3007.7753441054,-3007.7977752087,-13.2189629882,0.8567668216
148.6956520000,234.7826090000,-3007.7763319803,-3007.7832623799,-3007.7924663763,-10.1244863157,-4.3488913659
148.6956520000,250.4347830000,-3007.7804814231,-3007.7930693970,-3007.7888270493,-5.2369595064,-7.8990728980
148.6956520000,266.0869570000,-3007.7886695465,-3007.8040593334,-3007.7874522313,0.7638768631,-9.6572370347
148.6956520000,281.7391300000,-3007.7996602438,-3007.8154537192,-3007.7885558592,6.9681065558,-9.9105554449
148.6956520000,297.3913040000,-3007.8116575828,-3007.8264457945,-3007.7919098627,12.3918814496,-9.2797429116
148.6956520000,313.0434780000,-3007.8226909167,-3007.8361942325,-3007.7969070699,16.1796081557,-8.4734585931
148.6956520000,328.6956520000,-3007.8311687574,-3007.8438394787,-3007.8027919091,17.8067411269,-7.9509976517
148.6956520000,344.3478260000,-3007.8364096297,-3007.8486339804,-3007.8089825847,17.2107306124,-7.6708958211
148.6956520000,360.0000000000,-3007.8387631317,-3007.8501122881,-3007.8151682296,14.8060246395,-7.1217031609
156.5217390000,0.0000000000,-3007.8369878015,-3007.8448315947,-3007.8169380739,12.5813940186,-4.9220545149
156.5217390000,15.6521740000,-3007.8386992716,-3007.8433607339,-3007.8220608211,10.4407853134,-2.9251117769
156.5217390000,31.3043480000,-3007.8394814819,-3007.8393409228,-3007.8267687297,7.9773724684,0.0882021699
156.5217390000,46.9565220000,-3007.8397639861,-3007.8331986132,-3007.8307742840,5.6411232632,4.1198337359
156.5217390000,62.6086960000,-3007.8396548765,-3007.8255009356,-3007.8337621139,3.6977643657,8.8817320332
156.5217390000,78.2608700000,-3007.8389146750,-3007.8168589559,-3007.8354495660,2.1743887099,13.8401727106
156.5217390000,93.9130430000,-3007.8370714309,-3007.8078707916,-3007.8356619784,0.8844447644,18.3236777699
156.5217390000,109.5652170000,-3007.8336368410,-3007.7991155731,-3007.8343822439,-0.4677473558,21.6624227024
156.5217390000,125.2173910000,-3007.8283468676,-3007.7911603340,-3007.8317506577,-2.1359105035,23.3349021947
156.5217390000,140.8695650000,-3007.8213340077,-3007.7845439325,-3007.8280152448,-4.1925396082,23.0861207157
156.5217390000,156.5217390000,-3007.8131580938,-3007.7797391887,-3007.8234601186,-6.4646181425,20.9706796216
156.5217390000,172.1739130000,-3007.8047000650,-3007.7771062130,-3007.8183526265,-8.5671116798,17.3154035795
156.5217390000,187.8260870000,-3007.7969908258,-3007.7768575658,-3007.8129477553,-10.0131244157,12.6338113815
156.5217390000,203.4782610000,-3007.7910414872,-3007.7790420186,-3007.8075438471,-10.3553871358,7.5297802480
156.5217390000,219.1304350000,-3007.7876904182,-3007.7835350944,-3007.8025340350,-9.3145101318,2.6075050624
156.5217390000,234.7826090000,-3007.7874677551,-3007.7900365497,-3007.7983995388,-6.8597978353,-1.6119429364
156.5217390000,250.4347830000,-3007.7904864103,-3007.7980891721,-3007.7956261760,-3.2252517076,-4.7708050575
156.5217390000,266.0869570000,-3007.7963771452,-3007.8071179581,-3007.7945739775,1.1315048385,-6.7399618397
156.5217390000,281.7391300000,-3007.8043082686,-3007.8164743733,-3007.7953710321,5.6082006031,-7.6343459292
156.5217390000,297.3913040000,-3007.8131215929,-3007.8254732809,-3007.7978782736,9.5653272985,-7.7508012406
156.5217390000,313.0434780000,-3007.8215746397,-3007.8334170783,-3007.8017350809,12.4495111085,-7.4312424295
156.5217390000,328.6956520000,-3007.8286425805,-3007.8396344285,-3007.8064728978,13.9116859836,-6.8974887274
156.5217390000,344.3478260000,-3007.8337776771,-3007.8435598088,-3007.8116537372,13.8829819104,-6.1383803085
156.5217390000,360.0000000000,-3007.8369878015,-3007.8448315947,-3007.8169380739,12.5813940169,-4.9220545129
164.3478260000,0.0000000000,-3007.8334892868,-3007.8365856915,-3007.8183233342,9.5167788872,-1.9430233182
164.3478260000,15.6521740000,-3007.8354923498,-3007.8356204953,-3007.8220812036,8.4156213421,-0.0804124829
164.3478260000,31.3043480000,-3007.8366177521,-3007.8328712979,-3007.8255100693,6.9701761663,2.3509354762
164.3478260000,46.9565220000,-3007.8370008753,-3007.8285957292,-3007.8283875312,5.4049550721,5.2743088089
164.3478260000,62.6086960000,-3007.8366802810,-3007.8231591141,-3007.8305056135,3.8746623241,8.4846603161
164.3478260000,78.2608700000,-3007.8355799150,-3007.8169868845,-3007.8316940812,2.4383974781,11.6673027850
164.3478260000,93.9130430000,-3007.8335548896,-3007.8105273917,-3007.8318502532,1.0696754903,14.4499731344
164.3478260000,109.5652170000,-3007.8304803504,-3007.8042284538,-3007.8309595619,-0.3007097975,16.4733138241
164.3478260000,125.2173910000,-3007.8263479695,-3007.7985205295,-3007.8290969368,-1.7250030157,17.4619822739
164.3478260000,140.8695650000,-3007.8213324471,-3007.7937970576,-3007.8264087502,-3.1854282996,17.2787177652
164.3478260000,156.5217390000,-3007.8158038942,-3007.7903903361,-3007.8230858298,-4.5694836217,15.9472484451
164.3478260000,172.1739130000,-3007.8102856374,-3007.7885471043,-3007.8193439186,-5.6841572529,13.6411354455
164.3478260000,187.8260870000,-3007.8053761881,-3007.7884092312,-3007.8154182040,-6.3014601600,10.6469262019
164.3478260000,203.4782610000,-3007.8016572279,-3007.7900017473,-3007.8115713404,-6.2211995699,7.3139245041
164.3478260000,219.1304350000,-3007.7996022746,-3007.7932275659,-3007.8080956071,-5.3296465863,4.0001901035
164.3478260000,234.7826090000,-3007.7994983884,-3007.7978696902,-3007.8052948215,-3.6373167011,1.0220235623
164.3478260000,250.4347830000,-3007.8013867142,-3007.8036034051,-3007.8034428714,-1.2902581817,-1.3909945943
164.3478260000,266.0869570000,-3007.8050421308,-3007.8100183633,-3007.8027318276,1.4497372013,-3.1226329928
164.3478260000,281.7391300000,-3007.8099991832,-3007.8166466856,-3007.8032300847,4.2476734660,-4.1713706795
164.3478260000,297.3913040000,-3007.8156311382,-3007.8229927541,-3007.8048698737,6.7527954276,-4.6194837392
164.3478260000,313.0434780000,-3007.8212686675,-3007.8285640373,-3007.8074655173,8.6616075627,-4.5779136734
164.3478260000,328.6956520000,-3007.8263360686,-3007.8329083370,-3007.8107583102,9.7751909909,-4.1241607015
164.3478260000,344.3478260000,-3007.8304560701,-3007.8356596792,-3007.8144670451,10.0332646912,-3.2653139874
164.3478260000,360.0000000000,-3007.8334892868,-3007.8365856915,-3007.8183233343,9.5167788838,-1.9430233208
172.1739130000,0.0000000000,-3007.8284602250,-3007.8260173143,-3007.8191459132,5.8448189518,1.5329496409
172.1739130000,15.6521740000,-3007.8298538133,-3007.8255537185,-3007.8211436453,5.4657129390,2.6983502474
172.1739130000,31.3043480000,-3007.8307010029,-3007.8241799550,-3007.8229653152,4.8542173384,4.0920193444
172.1739130000,46.9565220000,-3007.8309920291,-3007.8220094208,-3007.8244838851,4.0839220455,5.6366718168
172.1739130000,62.6086960000,-3007.8307239382,-3007.8192139431,-3007.8255916300,3.2205720563,7.2226310176
172.1739130000,78.2608700000,-3007.8298958590,-3007.8160073633,-3007.8262078900,2.3142355384,8.7151626317
172.1739130000,93.9130430000,-3007.8285167657,-3007.8126275259,-3007.8262863953,1.3995785812,9.9706485475
172.1739130000,109.5652170000,-3007.8266219160,-3007.8093196038,-3007.8258200986,0.5031479923,10.8573648083
172.1739130000,125.2173910000,-3007.8242906544,-3007.8063202604,-3007.8248419624,-0.3459510017,11.2765924989
172.1739130000,140.8695650000,-3007.8216577245,-3007.8038430091,-3007.8234213991,-1.1067225493,11.1789026788
172.1739130000,156.5217390000,-3007.8189121455,-3007.8020647044,-3007.8216590038,-1.7236795982,10.5719289232
172.1739130000,172.1739130000,-3007.8162847264,-3007.8011138217,-3007.8196783027,-2.1295012694,9.5198864339
172.1739130000,187.8260870000,-3007.8140200440,-3007.8010613746,-3007.8176198662,-2.2589225541,8.1316877979
172.1739130000,203.4782610000,-3007.8123463520,-3007.8019153004,-3007.8156340770,-2.0630785976,6.5455836623
172.1739130000,219.1304350000,-3007.8114426309,-3007.8036187883,-3007.8138723528,-1.5246735314,4.9095353630
172.1739130000,234.7826090000,-3007.8114110472,-3007.8060529932,-3007.8124754550,-0.6679259786,3.3622296828
172.1739130000,250.4347830000,-3007.8122595219,-3007.8090441683,-3007.8115594439,0.4393055488,2.0176648398
172.1739130000,266.0869570000,-3007.8138983493,-3007.8123750231,-3007.8112018440,1.6920825994,0.9559015987
172.1739130000,281.7391300000,-3007.8161526600,-3007.8157995595,-3007.8114315806,2.9625220742,0.2215739464
172.1739130000,297.3913040000,-3007.8187893491,-3007.8190604887,-3007.8122257832,4.1186997803,-0.1701426847
172.1739130000,313.0434780000,-3007.8215534133,-3007.8219085679,-3007.8135132885,5.0452544964,-0.2228628895
172.1739130000,328.6956520000,-3007.8242055915,-3007.8241224576,-3007.8151860284,5.6598612744,0.0521673157
172.1739130000,344.3478260000,-3007.8265525718,-3007.8255285709,-3007.8171115603,5.9243241808,0.6425702608
172.1739130000,360.0000000000,-3007.8284602250,-3007.8260173143,-3007.8191459132,5.8448189521,1.5329496421
180.0000000000,0.0000000000,-3007.8221886998,-3007.8138669126,-3007.8192663184,1.8338220021,5.2220002973
180.0000000000,15.6521740000,-3007.8221886998,-3007.8138669126,-3007.8192663184,1.8338219984,5.2220002959
180.0000000000,31.3043480000,-3007.8221886998,-3007.8138669126,-3007.8192663184,1.8338220027,5.2220002967
180.0000000000,46.9565220000,-3007.8221886998,-3007.8138669126,-3007.8192663184,1.8338220010,5.2220002959
180.0000000000,62.6086960000,-3007.8221886998,-3007.8138669126,-3007.8192663184,1.8338219987,5.2220002939
180.0000000000,78.2608700000,-3007.8221886998,-3007.8138669126,-3007.8192663184,1.8338220027,5.2220002984
180.0000000000,93.9130430000,-3007.8221886998,-3007.8138669126,-3007.8192663184,1.8338220001,5.2220002961
180.0000000000,109.5652170000,-3007.8221886998,-3007.8138669126,-3007.8192663184,1.8338220013,5.2220002973
180.0000000000,125.2173910000,-3007.8221886998,-3007.8138669126,-3007.8192663184,1.8338220007,5.2220002976
180.0000000000,140.8695650000,-3007.8221886998,-3007.8138669126,-3007.8192663184,1.8338220016,5.2220002984
180.0000000000,156.5217390000,-3007.8221886998,-3007.8138669126,-3007.8192663184,1.8338220016,5.2220002959
180.0000000000,172.1739130000,-3007.8221886998,-3007.8138669126,-3007.8192663184,1.8338220027,5.2220002981
180.0000000000,187.8260870000,-3007.8221886998,-3007.8138669126,-3007.8192663184,1.8338220013,5.2220002959
180.0000000000,203.4782610000,-3007.8221886998,-3007.8138669126,-3007.8192663184,1.8338220036,5.2220002987
180.0000000000,219.1304350000,-3007.8221886998,-3007.8138669126,-3007.8192663184,1.8338220019,5.2220002973
180.0000000000,234.7826090000,-3007.8221886998,-3007.8138669126,-3007.8192663184,1.8338220024,5.2220002973
180.0000000000,250.4347830000,-3007.8221886998,-3007.8138669126,-3007.8192663184,1.8338220010,5.2220002967
180.0000000000,266.0869570000,-3007.8221886998,-3007.8138669126,-3007.8192663184,1.8338220021,5.2220002967
180.0000000000,281.7391300000,-3007.8221886998,-3007.8138669126,-3007.8192663184,1.8338220016,5.2220002976
180.0000000000,297.3913040000,-3007.8221886998,-3007.8138669126,-3007.8192663184,1.8338220016,5.2220002990
180.0000000000,313.0434780000,-3007.8221886998,-3007.8138669126,-3007.8192663184,1.8338219990,5.2220002973
180.0000000000,328.6956520000,-3007.8221886998,-3007.8138669126,-3007.8192663184,1.8338220016,5.2220002961
180.0000000000,344.3478260000,-3007.8221886998,-3007.8138669126,-3007.8192663184,1.8338220013,5.2220002981
180.0000000000,360.0000000000,-3007.8221886998,-3007.8138669126,-3007.8192663184,1.8338220013,5.2220002961
